unit,title,filename,identifier,source_path,kind,from_added,module_path
Unit 1,Welcome to Unit 1 - All about Python,welcome-to-unit-1-all-about-python.html,g53238f8c04f4c6453af2f043fa6e66e7,wiki_content/welcome-to-unit-1-all-about-python.html,html,False,Unit 1 - Python > Welcome to Unit 1 - All about Python
Unit 1,Assignment: Term 1 Assignment - Python Digital System,assignment-term-1-assignment-python-digital-system.html,g2bf43ba5942cc6437ff09232c30392ca,g2bf43ba5942cc6437ff09232c30392ca/term-1-assignment-python-digital-system.html,html,True,Unit 1
Unit 1,2.1 Get Python Ready: Install Thonny,2-1-get-python-ready-install-thonny.html,g4ee4d3445d84917641fd393b96451f1a,wiki_content/2-dot-1-get-python-ready-install-thonny.html,html,False,Unit 1 - Python > 2.1 Get Python Ready: Install Thonny
Unit 1,Python Reference Wiki,python-reference-wiki.html,g3d056da269bdf3a152978c72df6dd7df,wiki_content/python-reference-wiki.html,html,True,Unit 1
Unit 1,Writing Good Code - An Introduction,writing-good-code-an-introduction.html,g6957058f1d91e8979208959e5fc137f2,wiki_content/writing-good-code-an-introduction.html,html,True,Unit 1
Unit 1,Mermaid.live – Building an Algorithm flow chart,mermaid-live-building-an-algorithm-flow-chart.html,g0d0184da6a1a9e24104cdfbeac3b8b4d,wiki_content/mermaid-dot-live-building-an-algorithm-flow-chart.html,html,True,Unit 1
Unit 1,EXPLORER: Python Basics Hub,explorer-python-basics-hub.html,gbd446f1452526023e7fe392559617b6e,wiki_content/explorer-python-basics-hub.html,html,True,Unit 1
Unit 1,Chapter 01,chapter-01.html,gef29e7ec282f8fe6ca3abad2dbddea0c,wiki_content/chapter-01.html,html,True,Unit 1
Unit 1,Chapter 02,chapter-02.html,g12772a566e33766c8fa833bd8d8a49cf,wiki_content/chapter-02.html,html,True,Unit 1
Unit 1,Chapter 03,chapter-03.html,ge817defdebb20c7f89f6c5219f91fc97,wiki_content/chapter-03.html,html,True,Unit 1
Unit 1,Chapter 04,chapter-04.html,ge44681a179c95ef86bc7aa6b98c81f83,wiki_content/chapter-04.html,html,True,Unit 1
Unit 1,Chapter 05,chapter-05.html,g8eb379821a9ee40c76cc552eacfa3b35,wiki_content/chapter-05.html,html,True,Unit 1
Unit 1,Chapter 06,chapter-06.html,gf958bde4a2e897643a4db1519bd5055e,wiki_content/chapter-06.html,html,True,Unit 1
Unit 1,Chapter 07,chapter-07.html,g6fc9b035a2396851348754671a85d867,wiki_content/chapter-07.html,html,True,Unit 1
Unit 1,Chapter 08,chapter-08.html,g4e3c97416930a98ffabd4aed61a3f7fa,wiki_content/chapter-08.html,html,True,Unit 1
Unit 1,Chapter 09,chapter-09.html,g4fcd22033573b40146417f0f88dd29e0,wiki_content/chapter-09.html,html,True,Unit 1
Unit 1,Chapter 10,chapter-10.html,g131b0fcc42963c93827b8a3bc50503da,wiki_content/chapter-10.html,html,True,Unit 1
Unit 1,Week 8 Lesson 1 - Challenge,week-8-lesson-1-challenge.html,g284c4ee147774556dadc595250bd4da5,g284c4ee147774556dadc595250bd4da5.xml,xml_discussion,False,Unit 1 - Python > Week 8 Lesson 1 - Challenge
Unit 1,Week 9 Lesson 1 - Challenge,week-9-lesson-1-challenge.html,gb6d41802040c19c8bcd66ea92ac8e23b,gb6d41802040c19c8bcd66ea92ac8e23b.xml,xml_discussion,False,Unit 1 - Python > Week 9 Lesson 1 - Challenge
Unit 1,Week 9 Lesson 1 - Challenge (Teacher Solution),week-9-lesson-1-challenge-teacher-solution.html,gd08be455384eef6b8c0b75738cadea73,wiki_content/week-9-lesson-1-challenge-teacher-solution.html,html,False,Unit 1 - Python > Week 9 Lesson 1 - Challenge (Teacher Solution)
Unit 1,Week 9 Lesson 2 - Challenge,week-9-lesson-2-challenge.html,geedb48c23cc8257a68aa16fceb176844,geedb48c23cc8257a68aa16fceb176844.xml,xml_discussion,False,Unit 1 - Python > Week 9 Lesson 2 - Challenge
Unit 1,Week 9 Lesson 2 - Challenge - Teacher solution,week-9-lesson-2-challenge-teacher-solution.html,g5a64a875abe08e715f45d4cfb6e02e1e,wiki_content/week-9-lesson-2-challenge-teacher-solution.html,html,False,Unit 1 - Python > Week 9 Lesson 2 - Challenge - Teacher solution
Unit 1,Week 10 - Lesson 01 - Challenge,week-10-lesson-01-challenge.html,g43412c3a9ba9576861dd7261c5d6fca4,g43412c3a9ba9576861dd7261c5d6fca4.xml,xml_discussion,False,Unit 1 - Python > Week 10 - Lesson 01 - Challenge
Unit 1,Level 1 - Writing code from zero,level-1-writing-code-from-zero.html,g62a147605d9c060dd087e24ff1ddd27f,g62a147605d9c060dd087e24ff1ddd27f.xml,xml_discussion,False,Unit 1 - Python > Level 1 - Writing code from zero
Unit 1,Pet Services Program - (Target Audience & Decision Tree),pet-services-program-target-audience-decision-tree.html,g5d5e1af242465eff2dd3425d5da19758,g5d5e1af242465eff2dd3425d5da19758.xml,xml_discussion,False,Unit 1 - Python > Pet Services Program - (Target Audience & Decision Tree)
Unit 1,Pet Services Program - (Generating),pet-services-program-generating.html,g7b7283028e86b9bedc8967e7fc4869a5,g7b7283028e86b9bedc8967e7fc4869a5.xml,xml_discussion,False,Unit 1 - Python > Pet Services Program - (Generating)
Unit 1,Pet Services Program - (Feedback),pet-services-program-feedback.html,gd4a9b87ab0b84034c13d3719a165cc03,gd4a9b87ab0b84034c13d3719a165cc03.xml,xml_discussion,False,Unit 1 - Python > Pet Services Program - (Feedback)
Unit 1,Pet Services Program: A worked solution,pet-services-program-a-worked-solution.html,gdc2a5174dc9ec134f8e93954b18bc9bf,wiki_content/pet-services-program-a-worked-solution.html,html,False,Unit 1 - Python > Pet Services Program: A worked solution
Unit 1,Pet Services Program: What is a function and why does it exist?,pet-services-program-what-is-a-function-and-why-does-it-exist.html,gb5c965e65b071dd4253c4d743aa64ce7,wiki_content/pet-services-program-what-is-a-function-and-why-does-it-exist.html,html,False,Unit 1 - Python > Pet Services Program: What is a function and why does it exist?
Unit 1,Pet Services Program: Refactoring our Pet booking system using functions,pet-services-program-refactoring-our-pet-booking-system-using-functions.html,g9059861dffe372cbf2830152b0f10d96,wiki_content/pet-services-program-refactoring-our-pet-booking-system-using-functions.html,html,False,Unit 1 - Python > Pet Services Program: Refactoring our Pet booking system using functions
Unit 1,Pet Services Program: Making and Reading Lists,pet-services-program-making-and-reading-lists.html,g8bd8d250624df6c7a895710119679687,wiki_content/pet-services-program-making-and-reading-lists.html,html,False,Unit 1 - Python > Pet Services Program: Making and Reading Lists
Unit 1,Shopping List - (Decision Trees & Additional Features),shopping-list-decision-trees-additional-features.html,gadb2969a174cc804c0e487c9b352820f,gadb2969a174cc804c0e487c9b352820f.xml,xml_discussion,False,Unit 1 - Python > Shopping List - (Decision Trees & Additional Features)
Unit 1,Shopping List - (Generating),shopping-list-generating.html,g198e1a14c408efcbdcf972687a96593f,g198e1a14c408efcbdcf972687a96593f.xml,xml_discussion,False,Unit 1 - Python > Shopping List - (Generating)
Unit 1,Shopping List - (Generating cont.),shopping-list-generating-cont.html,ge018a3226103770665b32882f0bf1e55,ge018a3226103770665b32882f0bf1e55.xml,xml_discussion,False,Unit 1 - Python > Shopping List - (Generating cont.)
Unit 1,Mini Game - (Dice Roll Guesser),mini-game-dice-roll-guesser.html,gbed8a7950a97aab0d9006d04668af866,gbed8a7950a97aab0d9006d04668af866.xml,xml_discussion,False,Unit 1 - Python > Mini Game - (Dice Roll Guesser)
Unit 1,"Mini Game - (Scissors, Paper, Rock)",mini-game-scissors-paper-rock.html,g8442937f7b8740d3f7b08d0e00e96498,g8442937f7b8740d3f7b08d0e00e96498.xml,xml_discussion,False,"Unit 1 - Python > Mini Game - (Scissors, Paper, Rock)"
Unit 1,Mini Game - (Guess The Number),mini-game-guess-the-number.html,g3d3d7b9e020a8148a0700bbff35e33e7,g3d3d7b9e020a8148a0700bbff35e33e7.xml,xml_discussion,False,Unit 1 - Python > Mini Game - (Guess The Number)
Unit 1,End of term projects,end-of-term-projects.html,g4a5c330d167445a637ff328821572502,wiki_content/end-of-term-projects.html,html,False,Unit 1 - Python > End of term projects
Unit 1,Images are text?!,images-are-text.html,g740b79215b405367ea466bbd6c5e4c7a,g740b79215b405367ea466bbd6c5e4c7a.xml,xml_discussion,True,Unit 1
Unit 1,Images are text?!,images-are-text-2.html,gb7ebf4928f64c212e72d3800c45edabe,gb7ebf4928f64c212e72d3800c45edabe.xml,xml_discussion,True,Unit 1
Unit 1,Sandbox for HTML testing,sandbox-for-html-testing.html,gc64486c2352f570d1e29714f5b467f01,wiki_content/sandbox-for-html-testing.html,html,False,Unit 1 - Python > Sandbox for HTML testing
Unit 2,Welcome to Unit 2 - Making Python interact with the real-world!,welcome-to-unit-2-making-python-interact-with-the-real-world.html,g3e6c4a8bca8b49c2c5806bdf1ff651e0,wiki_content/welcome-to-unit-2-making-python-interact-with-the-real-world.html,html,False,Unit 2 - Python and Robots > Welcome to Unit 2 - Making Python interact with the real-world!
Unit 2,Assignment: Term 2 Assignment - Space Rover Design,assignment-term-2-assignment-space-rover-design.html,g83c8b3ec58553ccb99a6e4972e136b65,g83c8b3ec58553ccb99a6e4972e136b65/term-2-assignment-space-rover-design.html,html,True,Unit 2
Unit 2,Rover Prototype: Space Robot Inspiration,rover-prototype-space-robot-inspiration.html,g6eea08e07c480d16bf54f809ca868beb,wiki_content/rover-prototype-space-robot-inspiration.html,html,True,Unit 2
Unit 2,Engineering Portfolio Starter Pack,engineering-portfolio-starter-pack.html,g3c8687addc776e04a9718b1d833a2ffd,wiki_content/engineering-portfolio-starter-pack.html,html,True,Unit 2
Unit 2,Lesson-by-Lesson Engineering Entries,lesson-by-lesson-engineering-entries.html,g44f6311647930d1875cc146e5bc2774f,wiki_content/lesson-by-lesson-engineering-entries.html,html,True,Unit 2
Unit 2,How to Use Your Engineering Notebook,how-to-use-your-engineering-notebook.html,g3c7b90ed881277491cb9f88ca4f4d0b5,wiki_content/how-to-use-your-engineering-notebook.html,html,True,Unit 2
Unit 2,Assessment 2 - Lesson 1,assessment-2-lesson-1.html,g681db7609337cd28b177e6080d7882c3,wiki_content/assessment-2-lesson-1.html,html,False,Unit 2 - Python and Robots > Assessment 2 - Lesson 1
Unit 2,Assessment 2 - Lesson 2,assessment-2-lesson-2.html,gf2199a20ef2781f6211f8fdb6ee9b6ad,wiki_content/assessment-2-lesson-2.html,html,False,Unit 2 - Python and Robots > Assessment 2 - Lesson 2
Unit 2,Assessment 2 - Lesson 3,assessment-2-lesson-3.html,g50d92152361512aabc6803edabb29b25,wiki_content/assessment-2-lesson-3.html,html,False,Unit 2 - Python and Robots > Assessment 2 - Lesson 3
Unit 2,Assessment 2 - Lesson 4,assessment-2-lesson-4.html,g68addfd20db05efe1c918a55a73ac981,wiki_content/assessment-2-lesson-4.html,html,False,Unit 2 - Python and Robots > Assessment 2 - Lesson 4
Unit 2,Assessment 2 - Lesson 5,assessment-2-lesson-5.html,g713960bfdf2f6e0312fcb4abdcf38a19,wiki_content/assessment-2-lesson-5.html,html,False,Unit 2 - Python and Robots > Assessment 2 - Lesson 5
Unit 2,Assessment 2 - Lesson 6,assessment-2-lesson-6.html,g3281808cab92e3b9714cb35dcd549388,wiki_content/assessment-2-lesson-6.html,html,False,Unit 2 - Python and Robots > Assessment 2 - Lesson 6
Unit 2,Assessment 2 - Lesson 7,assessment-2-lesson-7.html,g5a42d8c538cafd4708f7e45ee6830d15,wiki_content/assessment-2-lesson-7.html,html,False,Unit 2 - Python and Robots > Assessment 2 - Lesson 7
Unit 2,Assessment 2 - Lesson 8,assessment-2-lesson-8.html,g53e36a37e2d812b2295d7f4d32830d70,wiki_content/assessment-2-lesson-8.html,html,False,Unit 2 - Python and Robots > Assessment 2 - Lesson 8
Unit 2,Assessment 2 - Lesson 9,assessment-2-lesson-9.html,gca72f75a3d8669d8861b4984a5b55ec7,wiki_content/assessment-2-lesson-9.html,html,False,Unit 2 - Python and Robots > Assessment 2 - Lesson 9
Unit 2,Assessment 2 - Lesson 10,assessment-2-lesson-10.html,g5852934f019b96a3542093f09a1c7a0f,wiki_content/assessment-2-lesson-10.html,html,False,Unit 2 - Python and Robots > Assessment 2 - Lesson 10
Unit 2,Week 1 - Meet the Robot,week-1-meet-the-robot.html,g0f42d865e1d40cca6d6c6ba96abf392a,wiki_content/week-1-meet-the-robot.html,html,False,Unit 2 - Python and Robots > Week 1 - Meet the Robot
Unit 2,Week 2 – Autonomous Movement and Control,week-2-autonomous-movement-and-control.html,g43186a9713987bb6992dda9292f76689,wiki_content/week-2-autonomous-movement-and-control.html,html,False,Unit 2 - Python and Robots > Week 2 – Autonomous Movement and Control
Unit 2,"Week 3 - Sensors, Decisions, and Treasure Hunting",week-3-sensors-decisions-and-treasure-hunting.html,g301f586cd52eff453c27d96d37c1db14,wiki_content/week-3-sensors-decisions-and-treasure-hunting.html,html,False,"Unit 2 - Python and Robots > Week 3 - Sensors, Decisions, and Treasure Hunting"
Unit 2,"Week 4: Build, Drive, and Test the Cube Collector Clawbot",week-4-build-drive-and-test-the-cube-collector-clawbot.html,gcbc1178ffafad8eef3d576e6feb36538,wiki_content/week-4-build-drive-and-test-the-cube-collector-clawbot.html,html,False,"Unit 2 - Python and Robots > Week 4: Build, Drive, and Test the Cube Collector Clawbot"
Unit 2,"Week 5: Build, Drive, and Test the Cube Collector Clawbot",week-5-build-drive-and-test-the-cube-collector-clawbot.html,g86873ab9c604d89c9e8d72f5747dc269,wiki_content/week-5-build-drive-and-test-the-cube-collector-clawbot.html,html,False,"Unit 2 - Python and Robots > Week 5: Build, Drive, and Test the Cube Collector Clawbot"
Unit 2,Using VEXcode,using-vexcode.html,gd75240d125ce88d9403a3bf394f286af,wiki_content/using-vexcode.html,html,False,Unit 2 - Python and Robots > Using VEXcode
Unit 2,Blocks API,blocks-api.html,g0faad0192edf6e5abcafe6790dde921d,wiki_content/blocks-api.html,html,False,Unit 2 - Python and Robots > Blocks API
Unit 2,Python API,python-api.html,ge46768fb14773aa60d41cd21cd79099b,wiki_content/python-api.html,html,False,Unit 2 - Python and Robots > Python API
Unit 2,Teacher Reference page,teacher-reference-page.html,gd84c777649db603ebbc7edcd2486ce5f,wiki_content/teacher-reference-page.html,html,False,Unit 2 - Python and Robots > Teacher Reference page
