system,date,datetime_utc,datetime_local,moon,dra_arcsec,ddec_arcsec
Saturn,2026-01-01,2026-01-01T00:00:00,2026-01-01T10:00:00+10:00,Enceladus,3.628,0.288
Saturn,2026-01-01,2026-01-01T02:00:00,2026-01-01T12:00:00+10:00,Enceladus,-9.125,1.26
Saturn,2026-01-01,2026-01-01T04:00:00,2026-01-01T14:00:00+10:00,Enceladus,-20.548,2.052
Saturn,2026-01-01,2026-01-01T06:00:00,2026-01-01T16:00:00+10:00,Enceladus,-28.99,2.52
Saturn,2026-01-01,2026-01-01T08:00:00,2026-01-01T18:00:00+10:00,Enceladus,-33.158,2.664
Saturn,2026-01-01,2026-01-01T10:00:00,2026-01-01T20:00:00+10:00,Enceladus,-32.511,2.412
Saturn,2026-01-01,2026-01-01T12:00:00,2026-01-01T22:00:00+10:00,Enceladus,-27.123,1.8
Saturn,2026-01-01,2026-01-01T14:00:00,2026-01-02T00:00:00+10:00,Enceladus,-17.782,0.9
Saturn,2026-01-01,2026-01-01T16:00:00,2026-01-02T02:00:00+10:00,Enceladus,-5.856,-0.144
Saturn,2026-01-01,2026-01-01T18:00:00,2026-01-02T04:00:00+10:00,Enceladus,6.933,-1.08
Saturn,2026-01-01,2026-01-01T20:00:00,2026-01-02T06:00:00+10:00,Enceladus,18.717,-1.908
Saturn,2026-01-01,2026-01-01T22:00:00,2026-01-02T08:00:00+10:00,Enceladus,27.805,-2.484
Saturn,2026-01-01,2026-01-02T00:00:00,2026-01-02T10:00:00+10:00,Enceladus,32.943,-2.7
Saturn,2026-01-01,2026-01-01T00:00:00,2026-01-01T10:00:00+10:00,Tethys,37.504,-2.34
Saturn,2026-01-01,2026-01-01T02:00:00,2026-01-01T12:00:00+10:00,Tethys,31.074,-1.908
Saturn,2026-01-01,2026-01-01T04:00:00,2026-01-01T14:00:00+10:00,Tethys,22.201,-1.332
Saturn,2026-01-01,2026-01-01T06:00:00,2026-01-01T16:00:00+10:00,Tethys,11.711,-0.648
Saturn,2026-01-01,2026-01-01T08:00:00,2026-01-01T18:00:00+10:00,Tethys,0.323,0.108
Saturn,2026-01-01,2026-01-01T10:00:00,2026-01-01T20:00:00+10:00,Tethys,-11.1,0.864
Saturn,2026-01-01,2026-01-01T12:00:00,2026-01-01T22:00:00+10:00,Tethys,-21.698,1.512
Saturn,2026-01-01,2026-01-01T14:00:00,2026-01-02T00:00:00+10:00,Tethys,-30.643,2.052
Saturn,2026-01-01,2026-01-01T16:00:00,2026-01-02T02:00:00+10:00,Tethys,-37.181,2.448
Saturn,2026-01-01,2026-01-01T18:00:00,2026-01-02T04:00:00+10:00,Tethys,-40.918,2.664
Saturn,2026-01-01,2026-01-01T20:00:00,2026-01-02T06:00:00+10:00,Tethys,-41.528,2.664
Saturn,2026-01-01,2026-01-01T22:00:00,2026-01-02T08:00:00+10:00,Tethys,-38.978,2.484
Saturn,2026-01-01,2026-01-02T00:00:00,2026-01-02T10:00:00+10:00,Tethys,-33.41,2.052
Saturn,2026-01-01,2026-01-01T00:00:00,2026-01-01T10:00:00+10:00,Dione,-37.54,3.528
Saturn,2026-01-01,2026-01-01T02:00:00,2026-01-01T12:00:00+10:00,Dione,-44.078,3.888
Saturn,2026-01-01,2026-01-01T04:00:00,2026-01-01T14:00:00+10:00,Dione,-49.036,4.14
Saturn,2026-01-01,2026-01-01T06:00:00,2026-01-01T16:00:00+10:00,Dione,-52.197,4.212
Saturn,2026-01-01,2026-01-01T08:00:00,2026-01-01T18:00:00+10:00,Dione,-53.454,4.176
Saturn,2026-01-01,2026-01-01T10:00:00,2026-01-01T20:00:00+10:00,Dione,-52.772,3.96
Saturn,2026-01-01,2026-01-01T12:00:00,2026-01-01T22:00:00+10:00,Dione,-50.186,3.564
Saturn,2026-01-01,2026-01-01T14:00:00,2026-01-02T00:00:00+10:00,Dione,-45.803,3.06
Saturn,2026-01-01,2026-01-01T16:00:00,2026-01-02T02:00:00+10:00,Dione,-39.732,2.448
Saturn,2026-01-01,2026-01-01T18:00:00,2026-01-02T04:00:00+10:00,Dione,-32.224,1.764
Saturn,2026-01-01,2026-01-01T20:00:00,2026-01-02T06:00:00+10:00,Dione,-23.566,1.008
Saturn,2026-01-01,2026-01-01T22:00:00,2026-01-02T08:00:00+10:00,Dione,-14.046,0.216
Saturn,2026-01-01,2026-01-02T00:00:00,2026-01-02T10:00:00+10:00,Dione,-3.988,-0.612
Saturn,2026-01-01,2026-01-01T00:00:00,2026-01-01T10:00:00+10:00,Rhea,-62.938,5.652
Saturn,2026-01-01,2026-01-01T02:00:00,2026-01-01T12:00:00+10:00,Rhea,-67.141,5.868
Saturn,2026-01-01,2026-01-01T04:00:00,2026-01-01T14:00:00+10:00,Rhea,-70.446,6.048
Saturn,2026-01-01,2026-01-01T06:00:00,2026-01-01T16:00:00+10:00,Rhea,-72.781,6.12
Saturn,2026-01-01,2026-01-01T08:00:00,2026-01-01T18:00:00+10:00,Rhea,-74.111,6.156
Saturn,2026-01-01,2026-01-01T10:00:00,2026-01-01T20:00:00+10:00,Rhea,-74.47,6.084
Saturn,2026-01-01,2026-01-01T12:00:00,2026-01-01T22:00:00+10:00,Rhea,-73.859,5.904
Saturn,2026-01-01,2026-01-01T14:00:00,2026-01-02T00:00:00+10:00,Rhea,-72.243,5.652
Saturn,2026-01-01,2026-01-01T16:00:00,2026-01-02T02:00:00+10:00,Rhea,-69.657,5.328
Saturn,2026-01-01,2026-01-01T18:00:00,2026-01-02T04:00:00+10:00,Rhea,-66.1,4.968
Saturn,2026-01-01,2026-01-01T20:00:00,2026-01-02T06:00:00+10:00,Rhea,-61.718,4.5
Saturn,2026-01-01,2026-01-01T22:00:00,2026-01-02T08:00:00+10:00,Rhea,-56.473,3.96
Saturn,2026-01-01,2026-01-02T00:00:00,2026-01-02T10:00:00+10:00,Rhea,-50.474,3.348
Saturn,2026-01-01,2026-01-01T00:00:00,2026-01-01T10:00:00+10:00,Titan,-53.598,0.684
Saturn,2026-01-01,2026-01-01T02:00:00,2026-01-01T12:00:00+10:00,Titan,-48.03,0.252
Saturn,2026-01-01,2026-01-01T04:00:00,2026-01-01T14:00:00+10:00,Titan,-42.426,-0.18
Saturn,2026-01-01,2026-01-01T06:00:00,2026-01-01T16:00:00+10:00,Titan,-36.75,-0.648
Saturn,2026-01-01,2026-01-01T08:00:00,2026-01-01T18:00:00+10:00,Titan,-31.038,-1.044
Saturn,2026-01-01,2026-01-01T10:00:00,2026-01-01T20:00:00+10:00,Titan,-25.29,-1.476
Saturn,2026-01-01,2026-01-01T12:00:00,2026-01-01T22:00:00+10:00,Titan,-19.507,-1.908
Saturn,2026-01-01,2026-01-01T14:00:00,2026-01-02T00:00:00+10:00,Titan,-13.723,-2.376
Saturn,2026-01-01,2026-01-01T16:00:00,2026-01-02T02:00:00+10:00,Titan,-7.903,-2.808
Saturn,2026-01-01,2026-01-01T18:00:00,2026-01-02T04:00:00+10:00,Titan,-2.084,-3.204
Saturn,2026-01-01,2026-01-01T20:00:00,2026-01-02T06:00:00+10:00,Titan,3.7,-3.636
Saturn,2026-01-01,2026-01-01T22:00:00,2026-01-02T08:00:00+10:00,Titan,9.52,-4.032
Saturn,2026-01-01,2026-01-02T00:00:00,2026-01-02T10:00:00+10:00,Titan,15.34,-4.464
Saturn,2026-01-01,2026-01-01T00:00:00,2026-01-01T10:00:00+10:00,Iapetus,429.176,109.404
Saturn,2026-01-01,2026-01-01T02:00:00,2026-01-01T12:00:00+10:00,Iapetus,427.524,109.512
Saturn,2026-01-01,2026-01-01T04:00:00,2026-01-01T14:00:00+10:00,Iapetus,425.837,109.656
Saturn,2026-01-01,2026-01-01T06:00:00,2026-01-01T16:00:00+10:00,Iapetus,424.114,109.764
Saturn,2026-01-01,2026-01-01T08:00:00,2026-01-01T18:00:00+10:00,Iapetus,422.426,109.872
Saturn,2026-01-01,2026-01-01T10:00:00,2026-01-01T20:00:00+10:00,Iapetus,420.739,110.016
Saturn,2026-01-01,2026-01-01T12:00:00,2026-01-01T22:00:00+10:00,Iapetus,418.98,110.124
Saturn,2026-01-01,2026-01-01T14:00:00,2026-01-02T00:00:00+10:00,Iapetus,417.185,110.196
Saturn,2026-01-01,2026-01-01T16:00:00,2026-01-02T02:00:00+10:00,Iapetus,415.425,110.268
Saturn,2026-01-01,2026-01-01T18:00:00,2026-01-02T04:00:00+10:00,Iapetus,413.63,110.412
Saturn,2026-01-01,2026-01-01T20:00:00,2026-01-02T06:00:00+10:00,Iapetus,411.799,110.484
Saturn,2026-01-01,2026-01-01T22:00:00,2026-01-02T08:00:00+10:00,Iapetus,409.968,110.556
Saturn,2026-01-01,2026-01-02T00:00:00,2026-01-02T10:00:00+10:00,Iapetus,408.137,110.592
Saturn,2026-01-02,2026-01-02T00:00:00,2026-01-02T10:00:00+10:00,Enceladus,32.943,-2.7
Saturn,2026-01-02,2026-01-02T02:00:00,2026-01-02T12:00:00+10:00,Enceladus,33.374,-2.52
Saturn,2026-01-02,2026-01-02T04:00:00,2026-01-02T14:00:00+10:00,Enceladus,29.063,-1.944
Saturn,2026-01-02,2026-01-02T06:00:00,2026-01-02T16:00:00+10:00,Enceladus,20.621,-1.152
Saturn,2026-01-02,2026-01-02T08:00:00,2026-01-02T18:00:00+10:00,Enceladus,9.233,-0.144
Saturn,2026-01-02,2026-01-02T10:00:00,2026-01-02T20:00:00+10:00,Enceladus,-3.485,0.864
Saturn,2026-01-02,2026-01-02T12:00:00,2026-01-02T22:00:00+10:00,Enceladus,-15.699,1.728
Saturn,2026-01-02,2026-01-02T14:00:00,2026-01-03T00:00:00+10:00,Enceladus,-25.579,2.376
Saturn,2026-01-02,2026-01-02T16:00:00,2026-01-03T02:00:00+10:00,Enceladus,-31.794,2.664
Saturn,2026-01-02,2026-01-02T18:00:00,2026-01-03T04:00:00+10:00,Enceladus,-33.375,2.52
Saturn,2026-01-02,2026-01-02T20:00:00,2026-01-03T06:00:00+10:00,Enceladus,-30.034,2.088
Saturn,2026-01-02,2026-01-02T22:00:00,2026-01-03T08:00:00+10:00,Enceladus,-22.346,1.296
Saturn,2026-01-02,2026-01-03T00:00:00,2026-01-03T10:00:00+10:00,Enceladus,-11.388,0.324
Saturn,2026-01-02,2026-01-02T00:00:00,2026-01-02T10:00:00+10:00,Tethys,-33.41,2.052
Saturn,2026-01-02,2026-01-02T02:00:00,2026-01-02T12:00:00+10:00,Tethys,-25.327,1.512
Saturn,2026-01-02,2026-01-02T04:00:00,2026-01-02T14:00:00+10:00,Tethys,-15.304,0.828
Saturn,2026-01-02,2026-01-02T06:00:00,2026-01-02T16:00:00+10:00,Tethys,-4.131,0.108
Saturn,2026-01-02,2026-01-02T08:00:00,2026-01-02T18:00:00+10:00,Tethys,7.365,-0.612
Saturn,2026-01-02,2026-01-02T10:00:00,2026-01-02T20:00:00+10:00,Tethys,18.322,-1.296
Saturn,2026-01-02,2026-01-02T12:00:00,2026-01-02T22:00:00+10:00,Tethys,27.842,-1.908
Saturn,2026-01-02,2026-01-02T14:00:00,2026-01-03T00:00:00+10:00,Tethys,35.242,-2.34
Saturn,2026-01-02,2026-01-02T16:00:00,2026-01-03T02:00:00+10:00,Tethys,39.985,-2.628
Saturn,2026-01-02,2026-01-02T18:00:00,2026-01-03T04:00:00+10:00,Tethys,41.601,-2.7
Saturn,2026-01-02,2026-01-02T20:00:00,2026-01-03T06:00:00+10:00,Tethys,40.093,-2.52
Saturn,2026-01-02,2026-01-02T22:00:00,2026-01-03T08:00:00+10:00,Tethys,35.494,-2.196
Saturn,2026-01-02,2026-01-03T00:00:00,2026-01-03T10:00:00+10:00,Tethys,28.202,-1.692
Saturn,2026-01-02,2026-01-02T00:00:00,2026-01-02T10:00:00+10:00,Dione,-3.988,-0.612
Saturn,2026-01-02,2026-01-02T02:00:00,2026-01-02T12:00:00+10:00,Dione,6.179,-1.404
Saturn,2026-01-02,2026-01-02T04:00:00,2026-01-02T14:00:00+10:00,Dione,16.13,-2.124
Saturn,2026-01-02,2026-01-02T06:00:00,2026-01-02T16:00:00+10:00,Dione,25.507,-2.808
Saturn,2026-01-02,2026-01-02T08:00:00,2026-01-02T18:00:00+10:00,Dione,33.949,-3.312
Saturn,2026-01-02,2026-01-02T10:00:00,2026-01-02T20:00:00+10:00,Dione,41.134,-3.744
Saturn,2026-01-02,2026-01-02T12:00:00,2026-01-02T22:00:00+10:00,Dione,46.774,-4.032
Saturn,2026-01-02,2026-01-02T14:00:00,2026-01-03T00:00:00+10:00,Dione,50.726,-4.176
Saturn,2026-01-02,2026-01-02T16:00:00,2026-01-03T02:00:00+10:00,Dione,52.846,-4.176
Saturn,2026-01-02,2026-01-02T18:00:00,2026-01-03T04:00:00+10:00,Dione,52.954,-4.032
Saturn,2026-01-02,2026-01-02T20:00:00,2026-01-03T06:00:00+10:00,Dione,51.194,-3.672
Saturn,2026-01-02,2026-01-02T22:00:00,2026-01-03T08:00:00+10:00,Dione,47.493,-3.24
Saturn,2026-01-02,2026-01-03T00:00:00,2026-01-03T10:00:00+10:00,Dione,42.105,-2.664
Saturn,2026-01-02,2026-01-02T00:00:00,2026-01-02T10:00:00+10:00,Rhea,-50.474,3.348
Saturn,2026-01-02,2026-01-02T02:00:00,2026-01-02T12:00:00+10:00,Rhea,-43.828,2.772
Saturn,2026-01-02,2026-01-02T04:00:00,2026-01-02T14:00:00+10:00,Rhea,-36.571,2.088
Saturn,2026-01-02,2026-01-02T06:00:00,2026-01-02T16:00:00+10:00,Rhea,-28.812,1.404
Saturn,2026-01-02,2026-01-02T08:00:00,2026-01-02T18:00:00+10:00,Rhea,-20.693,0.72
Saturn,2026-01-02,2026-01-02T10:00:00,2026-01-02T20:00:00+10:00,Rhea,-12.286,0.0
Saturn,2026-01-02,2026-01-02T12:00:00,2026-01-02T22:00:00+10:00,Rhea,-3.736,-0.72
Saturn,2026-01-02,2026-01-02T14:00:00,2026-01-03T00:00:00+10:00,Rhea,4.922,-1.404
Saturn,2026-01-02,2026-01-02T16:00:00,2026-01-03T02:00:00+10:00,Rhea,13.472,-2.124
Saturn,2026-01-02,2026-01-02T18:00:00,2026-01-03T04:00:00+10:00,Rhea,21.807,-2.772
Saturn,2026-01-02,2026-01-02T20:00:00,2026-01-03T06:00:00+10:00,Rhea,29.89,-3.348
Saturn,2026-01-02,2026-01-02T22:00:00,2026-01-03T08:00:00+10:00,Rhea,37.542,-3.96
Saturn,2026-01-02,2026-01-03T00:00:00,2026-01-03T10:00:00+10:00,Rhea,44.691,-4.464
Saturn,2026-01-02,2026-01-02T00:00:00,2026-01-02T10:00:00+10:00,Titan,15.34,-4.464
Saturn,2026-01-02,2026-01-02T02:00:00,2026-01-02T12:00:00+10:00,Titan,21.088,-4.86
Saturn,2026-01-02,2026-01-02T04:00:00,2026-01-02T14:00:00+10:00,Titan,26.836,-5.256
Saturn,2026-01-02,2026-01-02T06:00:00,2026-01-02T16:00:00+10:00,Titan,32.548,-5.688
Saturn,2026-01-02,2026-01-02T08:00:00,2026-01-02T18:00:00+10:00,Titan,38.26,-6.048
Saturn,2026-01-02,2026-01-02T10:00:00,2026-01-02T20:00:00+10:00,Titan,43.9,-6.408
Saturn,2026-01-02,2026-01-02T12:00:00,2026-01-02T22:00:00+10:00,Titan,49.469,-6.804
Saturn,2026-01-02,2026-01-02T14:00:00,2026-01-03T00:00:00+10:00,Titan,55.001,-7.164
Saturn,2026-01-02,2026-01-02T16:00:00,2026-01-03T02:00:00+10:00,Titan,60.462,-7.524
Saturn,2026-01-02,2026-01-02T18:00:00,2026-01-03T04:00:00+10:00,Titan,65.815,-7.884
Saturn,2026-01-02,2026-01-02T20:00:00,2026-01-03T06:00:00+10:00,Titan,71.168,-8.208
Saturn,2026-01-02,2026-01-02T22:00:00,2026-01-03T08:00:00+10:00,Titan,76.377,-8.532
Saturn,2026-01-02,2026-01-03T00:00:00,2026-01-03T10:00:00+10:00,Titan,81.515,-8.856
Saturn,2026-01-02,2026-01-02T00:00:00,2026-01-02T10:00:00+10:00,Iapetus,408.137,110.592
Saturn,2026-01-02,2026-01-02T02:00:00,2026-01-02T12:00:00+10:00,Iapetus,406.27,110.7
Saturn,2026-01-02,2026-01-02T04:00:00,2026-01-02T14:00:00+10:00,Iapetus,404.403,110.772
Saturn,2026-01-02,2026-01-02T06:00:00,2026-01-02T16:00:00+10:00,Iapetus,402.5,110.808
Saturn,2026-01-02,2026-01-02T08:00:00,2026-01-02T18:00:00+10:00,Iapetus,400.597,110.88
Saturn,2026-01-02,2026-01-02T10:00:00,2026-01-02T20:00:00+10:00,Iapetus,398.694,110.952
Saturn,2026-01-02,2026-01-02T12:00:00,2026-01-02T22:00:00+10:00,Iapetus,396.719,110.988
Saturn,2026-01-02,2026-01-02T14:00:00,2026-01-03T00:00:00+10:00,Iapetus,394.78,111.06
Saturn,2026-01-02,2026-01-02T16:00:00,2026-01-03T02:00:00+10:00,Iapetus,392.805,111.06
Saturn,2026-01-02,2026-01-02T18:00:00,2026-01-03T04:00:00+10:00,Iapetus,390.794,111.096
Saturn,2026-01-02,2026-01-02T20:00:00,2026-01-03T06:00:00+10:00,Iapetus,388.82,111.168
Saturn,2026-01-02,2026-01-02T22:00:00,2026-01-03T08:00:00+10:00,Iapetus,386.773,111.168
Saturn,2026-01-02,2026-01-03T00:00:00,2026-01-03T10:00:00+10:00,Iapetus,384.726,111.204
Saturn,2026-01-06,2026-01-06T00:00:00,2026-01-06T10:00:00+10:00,Enceladus,24.899,-2.376
Saturn,2026-01-06,2026-01-06T02:00:00,2026-01-06T12:00:00+10:00,Enceladus,31.474,-2.664
Saturn,2026-01-06,2026-01-06T04:00:00,2026-01-06T14:00:00+10:00,Enceladus,33.558,-2.556
Saturn,2026-01-06,2026-01-06T06:00:00,2026-01-06T16:00:00+10:00,Enceladus,30.863,-2.124
Saturn,2026-01-06,2026-01-06T08:00:00,2026-01-06T18:00:00+10:00,Enceladus,23.749,-1.368
Saturn,2026-01-06,2026-01-06T10:00:00,2026-01-06T20:00:00+10:00,Enceladus,13.258,-0.432
Saturn,2026-01-06,2026-01-06T12:00:00,2026-01-06T22:00:00+10:00,Enceladus,0.934,0.612
Saturn,2026-01-06,2026-01-06T14:00:00,2026-01-07T00:00:00+10:00,Enceladus,-11.569,1.548
Saturn,2026-01-06,2026-01-06T16:00:00,2026-01-07T02:00:00+10:00,Enceladus,-22.384,2.232
Saturn,2026-01-06,2026-01-06T18:00:00,2026-01-07T04:00:00+10:00,Enceladus,-29.965,2.628
Saturn,2026-01-06,2026-01-06T20:00:00,2026-01-07T06:00:00+10:00,Enceladus,-33.163,2.592
Saturn,2026-01-06,2026-01-06T22:00:00,2026-01-07T08:00:00+10:00,Enceladus,-31.511,2.196
Saturn,2026-01-06,2026-01-07T00:00:00,2026-01-07T10:00:00+10:00,Enceladus,-25.223,1.512
Saturn,2026-01-06,2026-01-06T00:00:00,2026-01-06T10:00:00+10:00,Tethys,-7.797,0.252
Saturn,2026-01-06,2026-01-06T02:00:00,2026-01-06T12:00:00+10:00,Tethys,3.629,-0.468
Saturn,2026-01-06,2026-01-06T04:00:00,2026-01-06T14:00:00+10:00,Tethys,14.803,-1.152
Saturn,2026-01-06,2026-01-06T06:00:00,2026-01-06T16:00:00+10:00,Tethys,24.791,-1.764
Saturn,2026-01-06,2026-01-06T08:00:00,2026-01-06T18:00:00+10:00,Tethys,32.911,-2.232
Saturn,2026-01-06,2026-01-06T10:00:00,2026-01-06T20:00:00+10:00,Tethys,38.48,-2.592
Saturn,2026-01-06,2026-01-06T12:00:00,2026-01-06T22:00:00+10:00,Tethys,41.175,-2.664
Saturn,2026-01-06,2026-01-06T14:00:00,2026-01-07T00:00:00+10:00,Tethys,40.708,-2.556
Saturn,2026-01-06,2026-01-06T16:00:00,2026-01-07T02:00:00+10:00,Tethys,37.115,-2.268
Saturn,2026-01-06,2026-01-06T18:00:00,2026-01-07T04:00:00+10:00,Tethys,30.648,-1.8
Saturn,2026-01-06,2026-01-06T20:00:00,2026-01-07T06:00:00+10:00,Tethys,21.917,-1.188
Saturn,2026-01-06,2026-01-06T22:00:00,2026-01-07T08:00:00+10:00,Tethys,11.462,-0.504
Saturn,2026-01-06,2026-01-07T00:00:00,2026-01-07T10:00:00+10:00,Tethys,0.144,0.216
Saturn,2026-01-06,2026-01-06T00:00:00,2026-01-06T10:00:00+10:00,Dione,16.312,-0.288
Saturn,2026-01-06,2026-01-06T02:00:00,2026-01-06T12:00:00+10:00,Dione,6.431,0.54
Saturn,2026-01-06,2026-01-06T04:00:00,2026-01-06T14:00:00+10:00,Dione,-3.629,1.332
Saturn,2026-01-06,2026-01-06T06:00:00,2026-01-06T16:00:00+10:00,Dione,-13.617,2.052
Saturn,2026-01-06,2026-01-06T08:00:00,2026-01-06T18:00:00+10:00,Dione,-23.103,2.736
Saturn,2026-01-06,2026-01-06T10:00:00,2026-01-06T20:00:00+10:00,Dione,-31.726,3.24
Saturn,2026-01-06,2026-01-06T12:00:00,2026-01-06T22:00:00+10:00,Dione,-39.199,3.744
Saturn,2026-01-06,2026-01-06T14:00:00,2026-01-07T00:00:00+10:00,Dione,-45.235,4.032
Saturn,2026-01-06,2026-01-06T16:00:00,2026-01-07T02:00:00+10:00,Dione,-49.655,4.176
Saturn,2026-01-06,2026-01-06T18:00:00,2026-01-07T04:00:00+10:00,Dione,-52.278,4.212
Saturn,2026-01-06,2026-01-06T20:00:00,2026-01-07T06:00:00+10:00,Dione,-52.996,4.032
Saturn,2026-01-06,2026-01-06T22:00:00,2026-01-07T08:00:00+10:00,Dione,-51.811,3.744
Saturn,2026-01-06,2026-01-07T00:00:00,2026-01-07T10:00:00+10:00,Dione,-48.721,3.312
Saturn,2026-01-06,2026-01-06T00:00:00,2026-01-06T10:00:00+10:00,Rhea,-73.546,5.832
Saturn,2026-01-06,2026-01-06T02:00:00,2026-01-06T12:00:00+10:00,Rhea,-72.181,5.616
Saturn,2026-01-06,2026-01-06T04:00:00,2026-01-06T14:00:00+10:00,Rhea,-69.846,5.292
Saturn,2026-01-06,2026-01-06T06:00:00,2026-01-06T16:00:00+10:00,Rhea,-66.577,4.896
Saturn,2026-01-06,2026-01-06T08:00:00,2026-01-06T18:00:00+10:00,Rhea,-62.445,4.464
Saturn,2026-01-06,2026-01-06T10:00:00,2026-01-06T20:00:00+10:00,Rhea,-57.451,3.888
Saturn,2026-01-06,2026-01-06T12:00:00,2026-01-06T22:00:00+10:00,Rhea,-51.667,3.348
Saturn,2026-01-06,2026-01-06T14:00:00,2026-01-07T00:00:00+10:00,Rhea,-45.199,2.736
Saturn,2026-01-06,2026-01-06T16:00:00,2026-01-07T02:00:00+10:00,Rhea,-38.157,2.088
Saturn,2026-01-06,2026-01-06T18:00:00,2026-01-07T04:00:00+10:00,Rhea,-30.576,1.404
Saturn,2026-01-06,2026-01-06T20:00:00,2026-01-07T06:00:00+10:00,Rhea,-22.6,0.684
Saturn,2026-01-06,2026-01-06T22:00:00,2026-01-07T08:00:00+10:00,Rhea,-14.3,-0.036
Saturn,2026-01-06,2026-01-07T00:00:00,2026-01-07T10:00:00+10:00,Rhea,-5.821,-0.756
Saturn,2026-01-06,2026-01-06T00:00:00,2026-01-06T10:00:00+10:00,Titan,171.345,-11.628
Saturn,2026-01-06,2026-01-06T02:00:00,2026-01-06T12:00:00+10:00,Titan,170.663,-11.448
Saturn,2026-01-06,2026-01-06T04:00:00,2026-01-06T14:00:00+10:00,Titan,169.801,-11.268
Saturn,2026-01-06,2026-01-06T06:00:00,2026-01-06T16:00:00+10:00,Titan,168.723,-11.052
Saturn,2026-01-06,2026-01-06T08:00:00,2026-01-06T18:00:00+10:00,Titan,167.502,-10.836
Saturn,2026-01-06,2026-01-06T10:00:00,2026-01-06T20:00:00+10:00,Titan,166.065,-10.656
Saturn,2026-01-06,2026-01-06T12:00:00,2026-01-06T22:00:00+10:00,Titan,164.521,-10.368
Saturn,2026-01-06,2026-01-06T14:00:00,2026-01-07T00:00:00+10:00,Titan,162.797,-10.116
Saturn,2026-01-06,2026-01-06T16:00:00,2026-01-07T02:00:00+10:00,Titan,160.857,-9.9
Saturn,2026-01-06,2026-01-06T18:00:00,2026-01-07T04:00:00+10:00,Titan,158.773,-9.612
Saturn,2026-01-06,2026-01-06T20:00:00,2026-01-07T06:00:00+10:00,Titan,156.546,-9.324
Saturn,2026-01-06,2026-01-06T22:00:00,2026-01-07T08:00:00+10:00,Titan,154.139,-9.072
Saturn,2026-01-06,2026-01-07T00:00:00,2026-01-07T10:00:00+10:00,Titan,151.589,-8.784
Saturn,2026-01-06,2026-01-06T00:00:00,2026-01-06T10:00:00+10:00,Iapetus,302.054,109.008
Saturn,2026-01-06,2026-01-06T02:00:00,2026-01-06T12:00:00+10:00,Iapetus,299.54,108.9
Saturn,2026-01-06,2026-01-06T04:00:00,2026-01-06T14:00:00+10:00,Iapetus,296.99,108.756
Saturn,2026-01-06,2026-01-06T06:00:00,2026-01-06T16:00:00+10:00,Iapetus,294.439,108.576
Saturn,2026-01-06,2026-01-06T08:00:00,2026-01-06T18:00:00+10:00,Iapetus,291.853,108.468
Saturn,2026-01-06,2026-01-06T10:00:00,2026-01-06T20:00:00+10:00,Iapetus,289.267,108.252
Saturn,2026-01-06,2026-01-06T12:00:00,2026-01-06T22:00:00+10:00,Iapetus,286.681,108.144
Saturn,2026-01-06,2026-01-06T14:00:00,2026-01-07T00:00:00+10:00,Iapetus,284.095,107.964
Saturn,2026-01-06,2026-01-06T16:00:00,2026-01-07T02:00:00+10:00,Iapetus,281.473,107.784
Saturn,2026-01-06,2026-01-06T18:00:00,2026-01-07T04:00:00+10:00,Iapetus,278.851,107.64
Saturn,2026-01-06,2026-01-06T20:00:00,2026-01-07T06:00:00+10:00,Iapetus,276.228,107.424
Saturn,2026-01-06,2026-01-06T22:00:00,2026-01-07T08:00:00+10:00,Iapetus,273.57,107.244
Saturn,2026-01-06,2026-01-07T00:00:00,2026-01-07T10:00:00+10:00,Iapetus,270.948,107.028
