date,start_local,end_local,duration_minutes,moon_illumination_fraction
2027-01-01,2027-01-01T19:14:34.287309+10:00,2027-01-02T04:27:47.379546+10:00,553.2,0.453
2027-01-02,2027-01-02T19:14:47.646766+10:00,2027-01-03T04:28:29.671031+10:00,553.7,0.364
2027-01-03,2027-01-03T19:14:59.391090+10:00,2027-01-04T04:29:12.931129+10:00,554.2,0.272
2027-01-04,2027-01-04T19:15:09.506803+10:00,2027-01-05T04:29:57.114585+10:00,554.8,0.195
2027-01-05,2027-01-05T19:15:17.982204+10:00,2027-01-06T04:30:42.175583+10:00,555.4,0.128
2027-01-06,2027-01-06T19:15:24.807352+10:00,2027-01-07T04:31:28.067842+10:00,556.1,0.078
2027-01-07,2027-01-07T19:15:29.974059+10:00,2027-01-08T04:32:14.744717+10:00,556.7,0.037
2027-01-08,2027-01-08T19:15:33.475864+10:00,2027-01-09T04:33:02.159303+10:00,557.5,0.004
2027-01-09,2027-01-09T19:15:35.308017+10:00,2027-01-10T04:33:50.264529+10:00,558.2,0.023
2027-01-10,2027-01-10T19:15:35.467447+10:00,2027-01-11T04:34:39.013266+10:00,559.1,0.058
2027-01-11,2027-01-11T19:15:33.952740+10:00,2027-01-12T04:35:28.358421+10:00,559.9,0.108
2027-01-12,2027-01-12T19:15:30.764098+10:00,2027-01-13T04:36:18.253042+10:00,560.8,0.17
2027-01-13,2027-01-13T19:15:25.903312+10:00,2027-01-14T04:37:08.650409+10:00,561.7,0.244
2027-01-14,2027-01-14T22:21:00+10:00,2027-01-15T04:37:59.504135+10:00,377.0,0.326
2027-01-15,2027-01-15T22:53:00+10:00,2027-01-16T04:38:50.768256+10:00,345.8,0.422
2027-01-16,2027-01-16T23:29:00+10:00,2027-01-17T04:39:42.397321+10:00,310.7,0.529
2027-01-17,2027-01-17T19:14:49.827917+10:00,2027-01-18T04:40:34.346484+10:00,565.7,0.627
2027-01-18,2027-01-19T00:10:00+10:00,2027-01-19T04:41:26.571582+10:00,271.4,0.727
2027-01-19,2027-01-20T01:00:00+10:00,2027-01-20T04:42:19.029218+10:00,222.3,0.823
2027-01-20,2027-01-21T02:00:00+10:00,2027-01-21T04:43:11.676842+10:00,163.2,0.897
2027-01-21,2027-01-22T03:07:00+10:00,2027-01-22T04:44:04.472814+10:00,97.1,0.956
2027-01-25,2027-01-25T19:12:19.787744+10:00,2027-01-25T20:42:00+10:00,89.7,0.937
2027-01-26,2027-01-26T19:11:53.999167+10:00,2027-01-26T21:15:00+10:00,123.1,0.875
2027-01-27,2027-01-27T19:11:26.706593+10:00,2027-01-28T04:49:22.163941+10:00,577.9,0.796
2027-01-28,2027-01-28T19:10:57.930428+10:00,2027-01-28T22:21:00+10:00,190.0,0.711
2027-01-29,2027-01-29T19:10:27.691951+10:00,2027-01-29T22:56:00+10:00,225.5,0.617
2027-01-30,2027-01-30T19:09:56.013268+10:00,2027-01-30T23:35:00+10:00,265.1,0.519
2027-01-31,2027-01-31T19:09:22.917266+10:00,2027-02-01T04:52:52.209227+10:00,583.5,0.429
2027-02-01,2027-02-01T19:08:48.427573+10:00,2027-02-02T04:53:44.209991+10:00,584.9,0.34
2027-02-02,2027-02-02T19:08:12.568510+10:00,2027-02-03T04:54:35.951087+10:00,586.4,0.257
2027-02-03,2027-02-03T19:07:35.365053+10:00,2027-02-04T04:55:27.407296+10:00,587.9,0.182
2027-02-04,2027-02-04T19:06:56.842792+10:00,2027-02-05T04:56:18.554841+10:00,589.4,0.123
2027-02-05,2027-02-05T19:06:17.027888+10:00,2027-02-06T04:57:09.371393+10:00,590.9,0.07
2027-02-06,2027-02-06T19:05:35.947036+10:00,2027-02-07T04:57:59.836073+10:00,592.4,0.031
2027-02-07,2027-02-07T19:04:53.627426+10:00,2027-02-08T04:58:49.929441+10:00,593.9,0.006
2027-02-08,2027-02-08T19:04:10.096706+10:00,2027-02-09T04:59:39.633495+10:00,595.5,0.028
2027-02-09,2027-02-09T19:03:25.382947+10:00,2027-02-10T05:00:28.931654+10:00,597.1,0.07
2027-02-10,2027-02-10T19:02:39.514604+10:00,2027-02-11T05:01:17.808745+10:00,598.6,0.124
2027-02-11,2027-02-11T19:01:52.520487+10:00,2027-02-12T05:02:06.250986+10:00,600.2,0.196
2027-02-12,2027-02-12T21:29:00+10:00,2027-02-13T05:02:54.245961+10:00,453.9,0.28
2027-02-13,2027-02-13T22:07:00+10:00,2027-02-14T05:03:41.782603+10:00,416.7,0.373
2027-02-14,2027-02-14T22:53:00+10:00,2027-02-15T05:04:28.851159+10:00,371.5,0.479
2027-02-15,2027-02-15T23:46:00+10:00,2027-02-16T05:05:15.443170+10:00,319.3,0.578
2027-02-16,2027-02-16T18:57:41.692243+10:00,2027-02-17T05:06:01.551435+10:00,608.3,0.682
2027-02-17,2027-02-18T00:48:00+10:00,2027-02-18T05:06:47.169979+10:00,258.8,0.784
2027-02-18,2027-02-19T01:56:00+10:00,2027-02-19T05:07:32.294024+10:00,191.5,0.871
2027-02-19,2027-02-20T03:08:00+10:00,2027-02-20T05:08:16.919944+10:00,120.3,0.934
2027-02-24,2027-02-24T18:50:12.710661+10:00,2027-02-24T20:17:00+10:00,86.8,0.911
2027-02-25,2027-02-25T18:49:13.106262+10:00,2027-02-26T05:12:34.148332+10:00,623.4,0.847
2027-02-26,2027-02-26T18:48:12.830660+10:00,2027-02-26T21:30:00+10:00,161.8,0.769
2027-02-27,2027-02-27T18:47:11.914552+10:00,2027-02-27T22:12:00+10:00,204.8,0.681
2027-02-28,2027-02-28T18:46:10.388570+10:00,2027-02-28T22:59:00+10:00,252.8,0.593
2027-03-01,2027-03-01T18:45:08.283271+10:00,2027-03-01T23:49:00+10:00,303.9,0.503
2027-03-02,2027-03-02T18:44:05.629123+10:00,2027-03-03T05:15:54.936380+10:00,631.8,0.412
2027-03-03,2027-03-03T18:43:02.456492+10:00,2027-03-04T05:16:33.670833+10:00,633.5,0.325
2027-03-04,2027-03-04T18:41:58.795627+10:00,2027-03-05T05:17:11.947646+10:00,635.2,0.25
2027-03-05,2027-03-05T18:40:54.676655+10:00,2027-03-06T05:17:49.775257+10:00,636.9,0.176
2027-03-06,2027-03-06T18:39:50.129570+10:00,2027-03-07T05:18:27.162668+10:00,638.6,0.112
2027-03-07,2027-03-07T18:38:45.184220+10:00,2027-03-08T05:19:04.119403+10:00,640.3,0.057
2027-03-08,2027-03-08T18:37:39.870307+10:00,2027-03-09T05:19:40.655473+10:00,642.0,0.0
2027-03-09,2027-03-09T18:36:34.217373+10:00,2027-03-10T05:20:16.781336+10:00,643.7,0.012
2027-03-10,2027-03-10T18:35:28.254799+10:00,2027-03-11T05:20:52.507867+10:00,645.4,0.04
2027-03-11,2027-03-11T18:34:22.011798+10:00,2027-03-12T05:21:27.846318+10:00,647.1,0.093
2027-03-12,2027-03-12T18:33:15.517412+10:00,2027-03-13T05:22:02.808286+10:00,648.8,0.158
2027-03-13,2027-03-13T18:32:08.800509+10:00,2027-03-14T05:22:37.405680+10:00,650.5,0.237
2027-03-14,2027-03-14T21:41:00+10:00,2027-03-15T05:23:11.650687+10:00,462.2,0.334
2027-03-15,2027-03-15T22:39:00+10:00,2027-03-16T05:23:45.555743+10:00,404.8,0.438
2027-03-16,2027-03-16T23:44:00+10:00,2027-03-17T05:24:19.133502+10:00,340.3,0.546
2027-03-17,2027-03-17T18:27:40.278816+10:00,2027-03-18T05:24:52.396804+10:00,657.2,0.651
2027-03-18,2027-03-19T00:52:00+10:00,2027-03-19T05:25:25.358648+10:00,273.4,0.749
2027-03-19,2027-03-20T02:01:00+10:00,2027-03-20T05:25:58.032164+10:00,205.0,0.842
2027-03-20,2027-03-21T03:09:00+10:00,2027-03-21T05:26:30.430586+10:00,137.5,0.912
2027-03-21,2027-03-22T04:14:00+10:00,2027-03-22T05:27:02.567225+10:00,73.0,0.963
2027-03-25,2027-03-25T18:18:41.104282+10:00,2027-03-25T19:24:00+10:00,65.3,0.945
2027-03-26,2027-03-26T18:17:34.040088+10:00,2027-03-27T05:29:39.791757+10:00,672.1,0.891
2027-03-27,2027-03-27T18:16:27.138808+10:00,2027-03-27T20:51:00+10:00,154.5,0.822
2027-03-28,2027-03-28T18:15:20.426689+10:00,2027-03-28T21:41:00+10:00,205.7,0.748
2027-03-29,2027-03-29T18:14:13.929813+10:00,2027-03-29T22:33:00+10:00,258.8,0.665
2027-03-30,2027-03-30T18:13:07.674109+10:00,2027-03-30T23:28:00+10:00,314.9,0.577
2027-03-31,2027-03-31T18:12:01.685347+10:00,2027-04-01T05:32:12.469399+10:00,680.2,0.486
2027-04-01,2027-04-01T18:10:55.989147+10:00,2027-04-02T05:32:42.602456+10:00,681.8,0.396
2027-04-02,2027-04-02T18:09:50.610974+10:00,2027-04-03T05:33:12.630701+10:00,683.4,0.317
2027-04-03,2027-04-03T18:08:45.576144+10:00,2027-04-04T05:33:42.566309+10:00,684.9,0.229
2027-04-04,2027-04-04T18:07:40.909821+10:00,2027-04-05T05:34:12.421219+10:00,686.5,0.157
2027-04-05,2027-04-05T18:06:36.637019+10:00,2027-04-06T05:34:42.207111+10:00,688.1,0.092
2027-04-06,2027-04-06T18:05:32.782602+10:00,2027-04-07T05:35:11.935388+10:00,689.7,0.043
2027-04-07,2027-04-07T18:04:29.371283+10:00,2027-04-08T05:35:41.617153+10:00,691.2,0.003
2027-04-08,2027-04-08T18:03:26.427620+10:00,2027-04-09T05:36:11.263193+10:00,692.7,0.023
2027-04-09,2027-04-09T18:02:23.976018+10:00,2027-04-10T05:36:40.883955+10:00,694.3,0.066
2027-04-10,2027-04-10T18:01:22.040720+10:00,2027-04-11T05:37:10.489528+10:00,695.8,0.129
2027-04-11,2027-04-11T18:00:20.645810+10:00,2027-04-12T05:37:40.089621+10:00,697.3,0.209
2027-04-12,2027-04-12T21:37:00+10:00,2027-04-13T05:38:09.693543+10:00,481.2,0.303
2027-04-13,2027-04-13T22:44:00+10:00,2027-04-14T05:38:39.310184+10:00,414.7,0.406
2027-04-14,2027-04-14T23:52:00+10:00,2027-04-15T05:39:08.947994+10:00,347.1,0.512
2027-04-15,2027-04-15T17:56:20.945735+10:00,2027-04-16T05:39:38.614961+10:00,703.3,0.619
2027-04-16,2027-04-17T00:58:00+10:00,2027-04-17T05:40:08.318590+10:00,282.1,0.72
2027-04-17,2027-04-18T02:03:00+10:00,2027-04-18T05:40:38.065888+10:00,217.6,0.811
2027-04-18,2027-04-19T03:05:00+10:00,2027-04-19T05:41:07.863334+10:00,156.1,0.887
2027-04-19,2027-04-20T04:06:00+10:00,2027-04-20T05:41:37.716867+10:00,95.6,0.946
2027-04-24,2027-04-24T17:48:02.310679+10:00,2027-04-25T05:44:07.993077+10:00,716.1,0.929
2027-04-25,2027-04-25T17:47:10.902829+10:00,2027-04-25T20:24:00+10:00,156.8,0.875
2027-04-26,2027-04-26T17:46:20.371977+10:00,2027-04-26T21:18:00+10:00,211.7,0.803
2027-04-27,2027-04-27T17:45:30.738400+10:00,2027-04-27T22:14:00+10:00,268.5,0.733
2027-04-28,2027-04-28T17:44:42.022014+10:00,2027-04-28T23:09:00+10:00,324.3,0.649
2027-04-29,2027-04-29T17:43:54.242359+10:00,2027-04-30T05:46:40.214475+10:00,722.8,0.56
2027-04-30,2027-04-30T17:43:07.418580+10:00,2027-05-01T05:47:10.901409+10:00,724.1,0.47
2027-05-01,2027-05-01T17:42:21.569401+10:00,2027-05-02T05:47:41.666091+10:00,725.3,0.38
2027-05-02,2027-05-02T17:41:36.713110+10:00,2027-05-03T05:48:12.505634+10:00,726.6,0.294
2027-05-03,2027-05-03T17:40:52.867534+10:00,2027-05-04T05:48:43.416358+10:00,727.8,0.208
2027-05-04,2027-05-04T17:40:10.050019+10:00,2027-05-05T05:49:14.393771+10:00,729.1,0.134
2027-05-05,2027-05-05T17:39:28.277406+10:00,2027-05-06T05:49:45.432562+10:00,730.3,0.07
2027-05-06,2027-05-06T17:38:47.566009+10:00,2027-05-07T05:50:16.526586+10:00,731.5,0.0
2027-05-07,2027-05-07T17:38:07.931593+10:00,2027-05-08T05:50:47.668863+10:00,732.7,0.012
2027-05-08,2027-05-08T17:37:29.389346+10:00,2027-05-09T05:51:18.851561+10:00,733.8,0.047
2027-05-09,2027-05-09T17:36:51.953863+10:00,2027-05-10T05:51:50.065998+10:00,735.0,0.108
2027-05-10,2027-05-10T17:36:15.639116+10:00,2027-05-11T05:52:21.302633+10:00,736.1,0.183
2027-05-11,2027-05-11T21:44:00+10:00,2027-05-12T05:52:52.551063+10:00,488.9,0.273
2027-05-12,2027-05-12T22:52:00+10:00,2027-05-13T05:53:23.800028+10:00,421.4,0.381
2027-05-13,2027-05-13T23:56:00+10:00,2027-05-14T05:53:55.037405+10:00,357.9,0.488
2027-05-14,2027-05-14T17:34:01.843866+10:00,2027-05-15T05:54:26.250215+10:00,740.4,0.595
2027-05-15,2027-05-16T00:59:00+10:00,2027-05-16T05:54:57.424626+10:00,296.0,0.697
2027-05-16,2027-05-17T01:59:00+10:00,2027-05-17T05:55:28.545961+10:00,236.5,0.784
2027-05-17,2027-05-18T02:58:00+10:00,2027-05-18T05:55:59.598708+10:00,178.0,0.865
2027-05-18,2027-05-19T03:58:00+10:00,2027-05-19T05:56:30.566528+10:00,118.5,0.926
2027-05-23,2027-05-23T17:30:10.617133+10:00,2027-05-23T19:09:00+10:00,98.8,0.959
2027-05-24,2027-05-24T17:29:51.056940+10:00,2027-05-25T05:59:33.574946+10:00,749.7,0.916
2027-05-25,2027-05-25T17:29:32.737050+10:00,2027-05-25T21:00:00+10:00,210.5,0.859
2027-05-26,2027-05-26T17:29:15.658504+10:00,2027-05-26T21:55:00+10:00,265.7,0.79
2027-05-27,2027-05-27T17:28:59.821379+10:00,2027-05-27T22:49:00+10:00,320.0,0.711
2027-05-28,2027-05-28T17:28:45.224778+10:00,2027-05-28T23:42:00+10:00,373.2,0.625
2027-05-29,2027-05-29T17:28:31.866824+10:00,2027-05-30T06:02:00.159957+10:00,753.5,0.536
2027-05-30,2027-05-30T17:28:19.744645+10:00,2027-05-31T06:02:28.558777+10:00,754.1,0.445
2027-05-31,2027-05-31T17:28:08.854371+10:00,2027-06-01T06:02:56.594246+10:00,754.8,0.348
2027-06-01,2027-06-01T17:27:59.191131+10:00,2027-06-02T06:03:24.240861+10:00,755.4,0.257
2027-06-02,2027-06-02T17:27:50.749045+10:00,2027-06-03T06:03:51.472717+10:00,756.0,0.169
2027-06-03,2027-06-03T17:27:43.521224+10:00,2027-06-04T06:04:18.263549+10:00,756.6,0.097
2027-06-04,2027-06-04T17:27:37.499772+10:00,2027-06-05T06:04:44.586778+10:00,757.1,0.043
2027-06-05,2027-06-05T17:27:32.675790+10:00,2027-06-06T06:05:10.415553+10:00,757.6,0.005
2027-06-06,2027-06-06T17:27:29.039377+10:00,2027-06-07T06:05:35.722804+10:00,758.1,0.034
2027-06-07,2027-06-07T17:27:26.579636+10:00,2027-06-08T06:06:00.481285+10:00,758.6,0.088
2027-06-08,2027-06-08T17:27:25.284689+10:00,2027-06-09T06:06:24.663624+10:00,759.0,0.164
2027-06-09,2027-06-09T21:48:00+10:00,2027-06-10T06:06:48.242374+10:00,498.8,0.251
2027-06-10,2027-06-10T22:52:00+10:00,2027-06-11T06:07:11.190057+10:00,435.2,0.349
2027-06-11,2027-06-11T23:54:00+10:00,2027-06-12T06:07:33.479220+10:00,373.6,0.463
2027-06-12,2027-06-12T17:27:31.481457+10:00,2027-06-13T06:07:55.082485+10:00,760.4,0.562
2027-06-13,2027-06-14T00:53:00+10:00,2027-06-14T06:08:15.972593+10:00,315.3,0.666
2027-06-14,2027-06-15T01:53:00+10:00,2027-06-15T06:08:36.122460+10:00,255.6,0.756
2027-06-15,2027-06-16T02:52:00+10:00,2027-06-16T06:08:55.505227+10:00,196.9,0.836
2027-06-16,2027-06-17T03:51:00+10:00,2027-06-17T06:09:14.094303+10:00,138.2,0.902
2027-06-17,2027-06-18T04:51:00+10:00,2027-06-18T06:09:31.863421+10:00,78.5,0.953
2027-06-21,2027-06-21T17:28:47.344944+10:00,2027-06-21T18:53:00+10:00,84.2,0.979
2027-06-22,2027-06-22T17:29:00.598319+10:00,2027-06-22T19:48:00+10:00,139.0,0.945
2027-06-23,2027-06-23T17:29:14.732909+10:00,2027-06-23T20:42:00+10:00,192.8,0.896
2027-06-24,2027-06-24T17:29:29.724075+10:00,2027-06-25T06:11:11.170771+10:00,761.7,0.835
2027-06-25,2027-06-25T17:29:45.546673+10:00,2027-06-25T22:27:00+10:00,297.2,0.769
2027-06-26,2027-06-26T17:30:02.175099+10:00,2027-06-26T23:20:00+10:00,350.0,0.681
2027-06-27,2027-06-27T17:30:19.583336+10:00,2027-06-28T06:11:38.999399+10:00,761.3,0.593
2027-06-28,2027-06-28T17:30:37.745001+10:00,2027-06-29T06:11:46.152484+10:00,761.1,0.494
2027-06-29,2027-06-29T17:30:56.633390+10:00,2027-06-30T06:11:52.211583+10:00,760.9,0.396
2027-06-30,2027-06-30T17:31:16.221533+10:00,2027-07-01T06:11:57.158472+10:00,760.7,0.301
2027-07-01,2027-07-01T17:31:36.482239+10:00,2027-07-02T06:12:00.975788+10:00,760.4,0.208
2027-07-02,2027-07-02T17:31:57.388145+10:00,2027-07-03T06:12:03.647053+10:00,760.1,0.123
2027-07-03,2027-07-03T17:32:18.911773+10:00,2027-07-04T06:12:05.156695+10:00,759.8,0.057
2027-07-04,2027-07-04T17:32:41.025574+10:00,2027-07-05T06:12:05.490067+10:00,759.4,0.001
2027-07-05,2027-07-05T17:33:03.701982+10:00,2027-07-06T06:12:04.633469+10:00,759.0,0.023
2027-07-06,2027-07-06T17:33:26.913464+10:00,2027-07-07T06:12:02.574159+10:00,758.6,0.07
2027-07-07,2027-07-07T17:33:50.632571+10:00,2027-07-08T06:11:59.300371+10:00,758.1,0.14
2027-07-08,2027-07-08T17:34:14.831984+10:00,2027-07-09T06:11:54.801322+10:00,757.7,0.23
2027-07-09,2027-07-09T22:46:00+10:00,2027-07-10T06:11:49.067225+10:00,445.8,0.326
2027-07-10,2027-07-10T23:46:00+10:00,2027-07-11T06:11:42.089292+10:00,385.7,0.43
2027-07-11,2027-07-11T17:35:30.041898+10:00,2027-07-12T06:11:33.859742+10:00,756.1,0.529
2027-07-12,2027-07-13T00:46:00+10:00,2027-07-13T06:11:24.371804+10:00,325.4,0.635
2027-07-13,2027-07-14T01:46:00+10:00,2027-07-14T06:11:13.619715+10:00,265.2,0.72
2027-07-14,2027-07-15T02:45:00+10:00,2027-07-15T06:11:01.598720+10:00,206.0,0.804
2027-07-15,2027-07-16T03:43:00+10:00,2027-07-16T06:10:48.305072+10:00,147.8,0.871
2027-07-16,2027-07-17T04:37:00+10:00,2027-07-17T06:10:33.736022+10:00,93.6,0.926
2027-07-21,2027-07-21T17:40:01.234347+10:00,2027-07-21T19:29:00+10:00,109.0,0.968
2027-07-22,2027-07-22T17:40:29.473755+10:00,2027-07-22T20:22:00+10:00,161.5,0.929
2027-07-23,2027-07-23T17:40:57.830127+10:00,2027-07-23T21:14:00+10:00,213.0,0.875
2027-07-24,2027-07-24T17:41:26.284056+10:00,2027-07-24T22:07:00+10:00,265.6,0.809
2027-07-25,2027-07-25T17:41:54.816901+10:00,2027-07-26T06:07:25.252069+10:00,745.5,0.733
2027-07-26,2027-07-26T17:42:23.410808+10:00,2027-07-27T06:06:57.991212+10:00,744.6,0.641
2027-07-27,2027-07-27T17:42:52.048728+10:00,2027-07-28T06:06:29.487762+10:00,743.6,0.544
2027-07-28,2027-07-28T17:43:20.714433+10:00,2027-07-29T06:05:59.750035+10:00,742.7,0.445
2027-07-29,2027-07-29T17:43:49.392527+10:00,2027-07-30T06:05:28.787151+10:00,741.7,0.34
2027-07-30,2027-07-30T17:44:18.068457+10:00,2027-07-31T06:04:56.609016+10:00,740.6,0.236
2027-07-31,2027-07-31T17:44:46.728524+10:00,2027-08-01T06:04:23.226295+10:00,739.6,0.151
2027-08-01,2027-08-01T17:45:15.359885+10:00,2027-08-02T06:03:48.650389+10:00,738.6,0.078
2027-08-02,2027-08-02T17:45:43.950560+10:00,2027-08-03T06:03:12.893416+10:00,737.5,0.028
2027-08-03,2027-08-03T17:46:12.489434+10:00,2027-08-04T06:02:35.968180+10:00,736.4,0.014
2027-08-04,2027-08-04T17:46:40.966256+10:00,2027-08-05T06:01:57.888151+10:00,735.3,0.054
2027-08-05,2027-08-05T17:47:09.371640+10:00,2027-08-06T06:01:18.667441+10:00,734.2,0.118
2027-08-06,2027-08-06T17:47:37.697059+10:00,2027-08-07T06:00:38.320774+10:00,733.0,0.196
2027-08-07,2027-08-07T22:36:00+10:00,2027-08-08T05:59:56.863468+10:00,443.9,0.288
2027-08-08,2027-08-08T17:48:34.078159+10:00,2027-08-09T05:59:14.311407+10:00,730.7,0.389
2027-08-09,2027-08-09T17:49:02.121031+10:00,2027-08-10T05:58:30.681016+10:00,729.5,0.488
2027-08-10,2027-08-11T00:38:00+10:00,2027-08-11T05:57:45.989238+10:00,319.8,0.587
2027-08-11,2027-08-12T01:37:00+10:00,2027-08-12T05:57:00.253508+10:00,260.0,0.682
2027-08-12,2027-08-13T02:33:00+10:00,2027-08-13T05:56:13.491733+10:00,203.2,0.763
2027-08-13,2027-08-14T03:25:00+10:00,2027-08-14T05:55:25.722266+10:00,150.4,0.836
2027-08-14,2027-08-15T04:11:00+10:00,2027-08-15T05:54:36.963881+10:00,103.6,0.897
2027-08-15,2027-08-16T04:52:00+10:00,2027-08-16T05:53:47.235756+10:00,61.8,0.946
2027-08-19,2027-08-19T17:53:36.285216+10:00,2027-08-19T19:10:00+10:00,76.4,0.985
2027-08-20,2027-08-20T17:54:03.055978+10:00,2027-08-20T20:03:00+10:00,128.9,0.956
2027-08-21,2027-08-21T17:54:29.715213+10:00,2027-08-21T20:57:00+10:00,182.5,0.906
2027-08-22,2027-08-22T17:54:56.266558+10:00,2027-08-22T21:54:00+10:00,239.1,0.847
2027-08-23,2027-08-23T17:55:22.714266+10:00,2027-08-23T22:53:00+10:00,297.6,0.769
2027-08-24,2027-08-24T17:55:49.063180+10:00,2027-08-25T05:45:39.380348+10:00,709.8,0.681
2027-08-25,2027-08-25T17:56:15.318722+10:00,2027-08-26T05:44:41.083190+10:00,708.4,0.585
2027-08-26,2027-08-26T17:56:41.486862+10:00,2027-08-27T05:43:42.048019+10:00,707.0,0.478
2027-08-27,2027-08-27T17:57:07.574106+10:00,2027-08-28T05:42:42.297348+10:00,705.6,0.372
2027-08-28,2027-08-28T17:57:33.587471+10:00,2027-08-29T05:41:41.853866+10:00,704.1,0.272
2027-08-29,2027-08-29T17:57:59.534468+10:00,2027-08-30T05:40:40.740437+10:00,702.7,0.176
2027-08-30,2027-08-30T17:58:25.423078+10:00,2027-08-31T05:39:38.980082+10:00,701.2,0.097
2027-08-31,2027-08-31T17:58:51.261737+10:00,2027-09-01T05:38:36.595975+10:00,699.8,0.04
2027-09-01,2027-09-01T17:59:17.059312+10:00,2027-09-02T05:37:33.611436+10:00,698.3,0.006
2027-09-02,2027-09-02T17:59:42.825087+10:00,2027-09-03T05:36:30.049920+10:00,696.8,0.037
2027-09-03,2027-09-03T18:00:08.568736+10:00,2027-09-04T05:35:25.935018+10:00,695.3,0.088
2027-09-04,2027-09-04T18:00:34.300313+10:00,2027-09-05T05:34:21.290448+10:00,693.8,0.164
2027-09-05,2027-09-05T22:25:00+10:00,2027-09-06T05:33:16.140050+10:00,428.3,0.251
2027-09-06,2027-09-06T23:27:00+10:00,2027-09-07T05:32:10.507787+10:00,365.2,0.342
2027-09-07,2027-09-07T18:01:51.528373+10:00,2027-09-08T05:31:04.417744+10:00,689.2,0.438
2027-09-08,2027-09-09T00:25:00+10:00,2027-09-09T05:29:57.894120+10:00,305.0,0.529
2027-09-09,2027-09-10T01:19:00+10:00,2027-09-10T05:28:50.961237+10:00,249.8,0.627
2027-09-10,2027-09-11T02:08:00+10:00,2027-09-11T05:27:43.643531+10:00,199.7,0.712
2027-09-11,2027-09-12T02:51:00+10:00,2027-09-12T05:26:35.965561+10:00,155.6,0.784
2027-09-12,2027-09-13T03:29:00+10:00,2027-09-13T05:25:27.952007+10:00,116.5,0.854
2027-09-13,2027-09-14T04:03:00+10:00,2027-09-14T05:24:19.627674+10:00,81.3,0.912
2027-09-18,2027-09-18T18:06:39.642131+10:00,2027-09-18T19:49:00+10:00,102.3,0.974
2027-09-19,2027-09-19T18:07:06.598957+10:00,2027-09-19T20:48:00+10:00,160.9,0.933
2027-09-20,2027-09-20T18:07:33.740968+10:00,2027-09-20T21:49:00+10:00,221.4,0.875
2027-09-21,2027-09-21T18:08:01.081869+10:00,2027-09-21T22:52:00+10:00,284.0,0.803
2027-09-22,2027-09-22T18:08:28.635420+10:00,2027-09-23T05:13:54.882110+10:00,665.4,0.719
2027-09-23,2027-09-23T18:08:56.415414+10:00,2027-09-24T05:12:44.844086+10:00,663.8,0.617
2027-09-24,2027-09-24T18:09:24.435656+10:00,2027-09-25T05:11:34.777411+10:00,662.2,0.511
2027-09-25,2027-09-25T18:09:52.709947+10:00,2027-09-26T05:10:24.708696+10:00,660.5,0.404
2027-09-26,2027-09-26T18:10:21.252056+10:00,2027-09-27T05:09:14.664734+10:00,658.9,0.301
2027-09-27,2027-09-27T18:10:50.075703+10:00,2027-09-28T05:08:04.672503+10:00,657.2,0.201
2027-09-28,2027-09-28T18:11:19.194533+10:00,2027-09-29T05:06:54.759168+10:00,655.6,0.117
2027-09-29,2027-09-29T18:11:48.622094+10:00,2027-09-30T05:05:44.952087+10:00,653.9,0.057
2027-09-30,2027-09-30T18:12:18.371811+10:00,2027-10-01T05:04:35.278811+10:00,652.3,0.001
2027-10-01,2027-10-01T18:12:48.456961+10:00,2027-10-02T05:03:25.767088+10:00,650.6,0.021
2027-10-02,2027-10-02T18:13:18.890648+10:00,2027-10-03T05:02:16.444865+10:00,649.0,0.062
2027-10-03,2027-10-03T18:13:49.685773+10:00,2027-10-04T05:01:07.340286+10:00,647.3,0.124
2027-10-04,2027-10-04T18:14:20.855006+10:00,2027-10-05T04:59:58.481693+10:00,645.6,0.203
2027-10-05,2027-10-05T23:09:00+10:00,2027-10-06T04:58:49.897629+10:00,349.8,0.288
2027-10-06,2027-10-06T18:15:24.365157+10:00,2027-10-07T04:57:41.616830+10:00,642.3,0.373
2027-10-07,2027-10-08T00:01:00+10:00,2027-10-08T04:56:33.668228+10:00,295.6,0.463
2027-10-08,2027-10-09T00:47:00+10:00,2027-10-09T04:55:26.080945+10:00,248.4,0.554
2027-10-09,2027-10-10T01:27:00+10:00,2027-10-10T04:54:18.884289+10:00,207.3,0.643
2027-10-10,2027-10-11T02:02:00+10:00,2027-10-11T04:53:12.107749+10:00,171.2,0.727
2027-10-11,2027-10-12T02:35:00+10:00,2027-10-12T04:52:05.780989+10:00,137.1,0.804
2027-10-12,2027-10-13T03:04:00+10:00,2027-10-13T04:50:59.933841+10:00,107.0,0.871
2027-10-13,2027-10-14T03:33:00+10:00,2027-10-14T04:49:54.596295+10:00,76.9,0.926
2027-10-17,2027-10-17T18:21:45.250849+10:00,2027-10-17T19:41:00+10:00,79.2,0.987
2027-10-18,2027-10-18T18:22:22.782968+10:00,2027-10-18T20:44:00+10:00,141.6,0.956
2027-10-19,2027-10-19T18:23:00.829293+10:00,2027-10-19T21:47:00+10:00,204.0,0.901
2027-10-20,2027-10-20T18:23:39.394163+10:00,2027-10-20T22:48:00+10:00,264.3,0.835
2027-10-21,2027-10-21T18:24:18.481066+10:00,2027-10-22T04:41:33.884524+10:00,617.3,0.748
2027-10-22,2027-10-22T18:24:58.092595+10:00,2027-10-23T04:40:34.503695+10:00,615.6,0.649
2027-10-23,2027-10-23T18:25:38.230412+10:00,2027-10-24T04:39:35.938504+10:00,614.0,0.544
2027-10-24,2027-10-24T18:26:18.895204+10:00,2027-10-25T04:38:38.219827+10:00,612.3,0.437
2027-10-25,2027-10-25T18:27:00.086640+10:00,2027-10-26T04:37:41.378509+10:00,610.7,0.332
2027-10-26,2027-10-26T18:27:41.803337+10:00,2027-10-27T04:36:45.445347+10:00,609.1,0.229
2027-10-27,2027-10-27T18:28:24.042816+10:00,2027-10-28T04:35:50.451063+10:00,607.4,0.145
2027-10-28,2027-10-28T18:29:06.801464+10:00,2027-10-29T04:34:56.426280+10:00,605.8,0.078
2027-10-29,2027-10-29T18:29:50.074500+10:00,2027-10-30T04:34:03.401493+10:00,604.2,0.031
2027-10-30,2027-10-30T18:30:33.855935+10:00,2027-10-31T04:33:11.407047+10:00,602.6,0.009
2027-10-31,2027-10-31T18:31:18.138541+10:00,2027-11-01T04:32:20.473106+10:00,601.0,0.037
2027-11-01,2027-11-01T18:32:02.913818+10:00,2027-11-02T04:31:30.629620+10:00,599.5,0.088
2027-11-02,2027-11-02T18:32:48.171959+10:00,2027-11-03T04:30:41.906304+10:00,597.9,0.152
2027-11-03,2027-11-03T18:33:33.901830+10:00,2027-11-04T04:29:54.332596+10:00,596.3,0.223
2027-11-04,2027-11-04T18:34:20.090934+10:00,2027-11-05T04:29:07.937632+10:00,594.8,0.303
2027-11-05,2027-11-05T18:35:06.725397+10:00,2027-11-06T04:28:22.750210+10:00,593.3,0.389
2027-11-06,2027-11-07T00:00:00+10:00,2027-11-07T04:27:38.798754+10:00,267.6,0.479
2027-11-07,2027-11-08T00:33:00+10:00,2027-11-08T04:26:56.111284+10:00,233.9,0.57
2027-11-08,2027-11-09T01:04:00+10:00,2027-11-09T04:26:14.715371+10:00,202.2,0.659
2027-11-09,2027-11-10T01:33:00+10:00,2027-11-10T04:25:34.638109+10:00,172.6,0.735
2027-11-10,2027-11-11T02:02:00+10:00,2027-11-11T04:24:55.906071+10:00,142.9,0.817
2027-11-11,2027-11-12T02:31:00+10:00,2027-11-12T04:24:18.545271+10:00,113.3,0.882
2027-11-12,2027-11-13T03:03:00+10:00,2027-11-13T04:23:42.581123+10:00,80.7,0.938
2027-11-16,2027-11-16T18:44:03.700547+10:00,2027-11-16T20:39:00+10:00,114.9,0.974
2027-11-17,2027-11-17T18:44:54.075748+10:00,2027-11-17T21:38:00+10:00,173.1,0.929
2027-11-18,2027-11-18T18:45:44.585439+10:00,2027-11-18T22:29:00+10:00,223.3,0.859
2027-11-19,2027-11-19T18:46:35.195848+10:00,2027-11-20T04:20:11.928263+10:00,573.6,0.776
2027-11-20,2027-11-20T18:47:25.871912+10:00,2027-11-20T23:54:00+10:00,306.6,0.681
2027-11-21,2027-11-21T18:48:16.577314+10:00,2027-11-22T04:19:25.596349+10:00,571.2,0.577
2027-11-22,2027-11-22T18:49:07.274533+10:00,2027-11-23T04:19:04.834620+10:00,570.0,0.47
2027-11-23,2027-11-23T18:49:57.924892+10:00,2027-11-24T04:18:45.697366+10:00,568.8,0.364
2027-11-24,2027-11-24T18:50:48.488617+10:00,2027-11-25T04:18:28.199429+10:00,567.7,0.264
2027-11-25,2027-11-25T18:51:38.924897+10:00,2027-11-26T04:18:12.354468+10:00,566.6,0.176
2027-11-26,2027-11-26T18:52:29.191949+10:00,2027-11-27T04:17:58.174922+10:00,565.5,0.107
2027-11-27,2027-11-27T18:53:19.247091+10:00,2027-11-28T04:17:45.671955+10:00,564.4,0.05
2027-11-28,2027-11-28T18:54:09.046812+10:00,2027-11-29T04:17:34.855416+10:00,563.4,0.001
2027-11-29,2027-11-29T18:54:58.546855+10:00,2027-11-30T04:17:25.733794+10:00,562.5,0.018
2027-11-30,2027-11-30T18:55:47.702294+10:00,2027-12-01T04:17:18.314174+10:00,561.5,0.051
2027-12-01,2027-12-01T18:56:36.467626+10:00,2027-12-02T04:17:12.602191+10:00,560.6,0.103
2027-12-02,2027-12-02T18:57:24.796855+10:00,2027-12-03T04:17:08.601996+10:00,559.7,0.164
2027-12-03,2027-12-03T18:58:12.643585+10:00,2027-12-04T04:17:06.316209+10:00,558.9,0.237
2027-12-04,2027-12-04T18:58:59.961117+10:00,2027-12-05T04:17:05.745886+10:00,558.1,0.318
2027-12-05,2027-12-05T23:32:00+10:00,2027-12-06T04:17:06.890486+10:00,285.1,0.397
2027-12-06,2027-12-06T19:00:32.820849+10:00,2027-12-07T04:17:09.747829+10:00,556.6,0.488
2027-12-07,2027-12-08T00:00:00+10:00,2027-12-08T04:17:14.314076+10:00,257.2,0.578
2027-12-08,2027-12-09T00:29:00+10:00,2027-12-09T04:17:20.583697+10:00,228.3,0.666
2027-12-09,2027-12-10T00:59:00+10:00,2027-12-10T04:17:28.549445+10:00,198.5,0.756
2027-12-10,2027-12-11T01:32:00+10:00,2027-12-11T04:17:38.202341+10:00,165.6,0.83
2027-12-11,2027-12-12T02:10:00+10:00,2027-12-12T04:17:49.531651+10:00,127.8,0.902
2027-12-12,2027-12-13T02:54:00+10:00,2027-12-13T04:18:02.524880+10:00,84.0,0.953
2027-12-15,2027-12-15T19:06:52.163061+10:00,2027-12-15T20:21:00+10:00,74.1,0.987
2027-12-16,2027-12-16T19:07:29.512267+10:00,2027-12-16T21:10:00+10:00,122.5,0.949
2027-12-17,2027-12-17T19:08:05.742709+10:00,2027-12-17T21:53:00+10:00,164.9,0.891
2027-12-18,2027-12-18T19:08:40.813828+10:00,2027-12-19T04:19:54.503325+10:00,551.2,0.809
2027-12-19,2027-12-19T19:09:14.686205+10:00,2027-12-19T23:06:00+10:00,236.8,0.719
2027-12-20,2027-12-20T19:09:47.321639+10:00,2027-12-20T23:40:00+10:00,270.2,0.617
2027-12-21,2027-12-21T19:10:18.683224+10:00,2027-12-22T04:21:11.402465+10:00,550.9,0.511
2027-12-22,2027-12-22T19:10:48.735417+10:00,2027-12-23T04:21:39.959654+10:00,550.9,0.404
2027-12-23,2027-12-23T19:11:17.444103+10:00,2027-12-24T04:22:09.927958+10:00,550.9,0.309
2027-12-24,2027-12-24T19:11:44.776653+10:00,2027-12-25T04:22:41.274480+10:00,550.9,0.215
2027-12-25,2027-12-25T19:12:10.701981+10:00,2027-12-26T04:23:13.964847+10:00,551.1,0.139
2027-12-26,2027-12-26T19:12:35.190590+10:00,2027-12-27T04:23:47.963268+10:00,551.2,0.083
2027-12-27,2027-12-27T19:12:58.214616+10:00,2027-12-28T04:24:23.232605+10:00,551.4,0.037
2027-12-28,2027-12-28T19:13:19.747865+10:00,2027-12-29T04:24:59.734434+10:00,551.7,0.004
2027-12-29,2027-12-29T19:13:39.765849+10:00,2027-12-30T04:25:37.429127+10:00,552.0,0.026
2027-12-30,2027-12-30T19:13:58.245806+10:00,2027-12-31T04:26:16.275924+10:00,552.3,0.062
2027-12-31,2027-12-31T19:14:15.166725+10:00,2028-01-01T04:26:56.233020+10:00,552.7,0.108
