page,original,rewritten,status
Welcome to Unit 1 - All about Python,$WIKI_REFERENCE$/pages/g4a5c330d167445a637ff328821572502,end-of-term-projects.html,resolved_id
Welcome to Unit 1 - All about Python,$WIKI_REFERENCE$/pages/g4ee4d3445d84917641fd393b96451f1a,2-1-get-python-ready-install-thonny.html,resolved_id
Welcome to Unit 1 - All about Python,$WIKI_REFERENCE$/pages/g6957058f1d91e8979208959e5fc137f2,writing-good-code-an-introduction.html,resolved_id
Welcome to Unit 1 - All about Python,$WIKI_REFERENCE$/pages/g4ee4d3445d84917641fd393b96451f1a,2-1-get-python-ready-install-thonny.html,resolved_id
Welcome to Unit 1 - All about Python,$WIKI_REFERENCE$/pages/gbd446f1452526023e7fe392559617b6e,explorer-python-basics-hub.html,resolved_id
Welcome to Unit 1 - All about Python,$CANVAS_OBJECT_REFERENCE$/discussion_topics/g62a147605d9c060dd087e24ff1ddd27f,level-1-writing-code-from-zero.html,resolved_discussion
Welcome to Unit 1 - All about Python,$WIKI_REFERENCE$/pages/gbd446f1452526023e7fe392559617b6e,explorer-python-basics-hub.html,resolved_id
Welcome to Unit 1 - All about Python,$CANVAS_OBJECT_REFERENCE$/discussion_topics/g5d5e1af242465eff2dd3425d5da19758,pet-services-program-target-audience-decision-tree.html,resolved_discussion
Welcome to Unit 1 - All about Python,$CANVAS_OBJECT_REFERENCE$/discussion_topics/g7b7283028e86b9bedc8967e7fc4869a5,pet-services-program-generating.html,resolved_discussion
Welcome to Unit 1 - All about Python,$WIKI_REFERENCE$/pages/gf958bde4a2e897643a4db1519bd5055e,chapter-06.html,resolved_id
Welcome to Unit 1 - All about Python,$WIKI_REFERENCE$/pages/g6fc9b035a2396851348754671a85d867,chapter-07.html,resolved_id
Welcome to Unit 1 - All about Python,$CANVAS_OBJECT_REFERENCE$/discussion_topics/g7b7283028e86b9bedc8967e7fc4869a5,pet-services-program-generating.html,resolved_discussion
Welcome to Unit 1 - All about Python,$WIKI_REFERENCE$/pages/gdc2a5174dc9ec134f8e93954b18bc9bf,pet-services-program-a-worked-solution.html,resolved_id
Welcome to Unit 1 - All about Python,$CANVAS_OBJECT_REFERENCE$/discussion_topics/gd4a9b87ab0b84034c13d3719a165cc03,pet-services-program-feedback.html,resolved_discussion
Welcome to Unit 1 - All about Python,$CANVAS_OBJECT_REFERENCE$/assignments/g2bf43ba5942cc6437ff09232c30392ca,assignment-term-1-assignment-python-digital-system.html,resolved_assignment
Welcome to Unit 1 - All about Python,$WIKI_REFERENCE$/pages/gb5c965e65b071dd4253c4d743aa64ce7,pet-services-program-what-is-a-function-and-why-does-it-exist.html,resolved_id
Welcome to Unit 1 - All about Python,$WIKI_REFERENCE$/pages/g9059861dffe372cbf2830152b0f10d96,pet-services-program-refactoring-our-pet-booking-system-using-functions.html,resolved_id
Welcome to Unit 1 - All about Python,$WIKI_REFERENCE$/pages/g8bd8d250624df6c7a895710119679687,pet-services-program-making-and-reading-lists.html,resolved_id
Welcome to Unit 1 - All about Python,$CANVAS_OBJECT_REFERENCE$/discussion_topics/g284c4ee147774556dadc595250bd4da5,week-8-lesson-1-challenge.html,resolved_discussion
Welcome to Unit 1 - All about Python,$CANVAS_OBJECT_REFERENCE$/discussion_topics/g284c4ee147774556dadc595250bd4da5,week-8-lesson-1-challenge.html,resolved_discussion
Welcome to Unit 1 - All about Python,$CANVAS_OBJECT_REFERENCE$/discussion_topics/g740b79215b405367ea466bbd6c5e4c7a,images-are-text.html,resolved_discussion
Welcome to Unit 1 - All about Python,$CANVAS_OBJECT_REFERENCE$/discussion_topics/gb6d41802040c19c8bcd66ea92ac8e23b,week-9-lesson-1-challenge.html,resolved_discussion
Welcome to Unit 1 - All about Python,$CANVAS_OBJECT_REFERENCE$/discussion_topics/geedb48c23cc8257a68aa16fceb176844,week-9-lesson-2-challenge.html,resolved_discussion
Welcome to Unit 1 - All about Python,$WIKI_REFERENCE$/pages/g4a5c330d167445a637ff328821572502,end-of-term-projects.html,resolved_id
Welcome to Unit 1 - All about Python,$CANVAS_OBJECT_REFERENCE$/discussion_topics/g43412c3a9ba9576861dd7261c5d6fca4,week-10-lesson-01-challenge.html,resolved_discussion
Welcome to Unit 1 - All about Python,$WIKI_REFERENCE$/pages/gbd446f1452526023e7fe392559617b6e,explorer-python-basics-hub.html,resolved_id
Welcome to Unit 1 - All about Python,$WIKI_REFERENCE$/pages/g4a5c330d167445a637ff328821572502,end-of-term-projects.html,resolved_id
Welcome to Unit 1 - All about Python,$WIKI_REFERENCE$/pages/g6957058f1d91e8979208959e5fc137f2,writing-good-code-an-introduction.html,resolved_id
Welcome to Unit 1 - All about Python,$WIKI_REFERENCE$/pages/g3d056da269bdf3a152978c72df6dd7df,python-reference-wiki.html,resolved_id
Welcome to Unit 1 - All about Python,$CANVAS_OBJECT_REFERENCE$/assignments/g2bf43ba5942cc6437ff09232c30392ca,assignment-term-1-assignment-python-digital-system.html,resolved_assignment
Welcome to Unit 1 - All about Python,$WIKI_REFERENCE$/pages/g0d0184da6a1a9e24104cdfbeac3b8b4d,mermaid-live-building-an-algorithm-flow-chart.html,resolved_id
Assignment: Term 1 Assignment - Python Digital System,$IMS-CC-FILEBASE$/Uploaded%20Media%202/SSC-Digital-Tech-Yr-9-assess-item-1-task-sheet-QLearn-copy.docx?canvas_=1&canvas_qs_wrap=1,../assets/web_resources/Uploaded%20Media%202/SSC-Digital-Tech-Yr-9-assess-item-1-task-sheet-QLearn-copy.docx,resolved_asset
Assignment: Term 1 Assignment - Python Digital System,$IMS-CC-FILEBASE$/Uploaded%20Media%202/SSC-Digital-Tech-Yr-9-assess-item-1-task-sheet-QLearn-copy.docx?canvas_=1&canvas_qs_wrap=1,../assets/web_resources/Uploaded%20Media%202/SSC-Digital-Tech-Yr-9-assess-item-1-task-sheet-QLearn-copy.docx,resolved_asset
2.1 Get Python Ready: Install Thonny,$IMS-CC-FILEBASE$/Thonny%20Installers/thonny-4.1.7.exe?canvas_download=1,#,missing_asset
2.1 Get Python Ready: Install Thonny,$IMS-CC-FILEBASE$/webmedia/Thonny_install_page.png,#,missing_asset
2.1 Get Python Ready: Install Thonny,$IMS-CC-FILEBASE$/webmedia/Thonny_setup_screen_start.png,#,missing_asset
2.1 Get Python Ready: Install Thonny,$IMS-CC-FILEBASE$/webmedia/Thonny_setup_success.png,#,missing_asset
2.1 Get Python Ready: Install Thonny,$IMS-CC-FILEBASE$/webmedia/Thonny_first_run.png,#,missing_asset
2.1 Get Python Ready: Install Thonny,$IMS-CC-FILEBASE$/Thonny%20Installers/thonny-4.1.7.pkg?canvas_download=1,#,missing_asset
2.1 Get Python Ready: Install Thonny,$IMS-CC-FILEBASE$/webmedia/Thonny_first_run.png,#,missing_asset
2.1 Get Python Ready: Install Thonny,$IMS-CC-FILEBASE$/webmedia/Thonny_first_program.png.png,#,missing_asset
2.1 Get Python Ready: Install Thonny,$IMS-CC-FILEBASE$/webmedia/File_Download_Blocked_By_Your_Organization_Error_Message_Google_Chrome.png,#,missing_asset
2.1 Get Python Ready: Install Thonny,$IMS-CC-FILEBASE$/webmedia/Access_denied.png,#,missing_asset
Mermaid.live – Building an Algorithm flow chart,$IMS-CC-FILEBASE$/Uploaded%20Media%202/Mermaid%20Live%20Example-1.png,../assets/web_resources/Uploaded%20Media%202/Mermaid%20Live%20Example-1.png,resolved_asset
EXPLORER: Python Basics Hub,$WIKI_REFERENCE$/pages/gef29e7ec282f8fe6ca3abad2dbddea0c,chapter-01.html,resolved_id
EXPLORER: Python Basics Hub,$WIKI_REFERENCE$/pages/g12772a566e33766c8fa833bd8d8a49cf,chapter-02.html,resolved_id
EXPLORER: Python Basics Hub,$WIKI_REFERENCE$/pages/ge817defdebb20c7f89f6c5219f91fc97,chapter-03.html,resolved_id
EXPLORER: Python Basics Hub,$WIKI_REFERENCE$/pages/ge44681a179c95ef86bc7aa6b98c81f83,chapter-04.html,resolved_id
EXPLORER: Python Basics Hub,$WIKI_REFERENCE$/pages/g8eb379821a9ee40c76cc552eacfa3b35,chapter-05.html,resolved_id
EXPLORER: Python Basics Hub,$WIKI_REFERENCE$/pages/gf958bde4a2e897643a4db1519bd5055e,chapter-06.html,resolved_id
EXPLORER: Python Basics Hub,$WIKI_REFERENCE$/pages/g6fc9b035a2396851348754671a85d867,chapter-07.html,resolved_id
EXPLORER: Python Basics Hub,$WIKI_REFERENCE$/pages/g4e3c97416930a98ffabd4aed61a3f7fa,chapter-08.html,resolved_id
EXPLORER: Python Basics Hub,$WIKI_REFERENCE$/pages/g4fcd22033573b40146417f0f88dd29e0,chapter-09.html,resolved_id
EXPLORER: Python Basics Hub,$WIKI_REFERENCE$/pages/g131b0fcc42963c93827b8a3bc50503da,chapter-10.html,resolved_id
EXPLORER: Python Basics Hub,$WIKI_REFERENCE$/pages/gef29e7ec282f8fe6ca3abad2dbddea0c,chapter-01.html,resolved_id
EXPLORER: Python Basics Hub,$WIKI_REFERENCE$/pages/gef29e7ec282f8fe6ca3abad2dbddea0c,chapter-01.html,resolved_id
EXPLORER: Python Basics Hub,$WIKI_REFERENCE$/pages/g12772a566e33766c8fa833bd8d8a49cf,chapter-02.html,resolved_id
EXPLORER: Python Basics Hub,$WIKI_REFERENCE$/pages/g12772a566e33766c8fa833bd8d8a49cf,chapter-02.html,resolved_id
EXPLORER: Python Basics Hub,$WIKI_REFERENCE$/pages/ge817defdebb20c7f89f6c5219f91fc97,chapter-03.html,resolved_id
EXPLORER: Python Basics Hub,$WIKI_REFERENCE$/pages/ge817defdebb20c7f89f6c5219f91fc97,chapter-03.html,resolved_id
EXPLORER: Python Basics Hub,$WIKI_REFERENCE$/pages/ge44681a179c95ef86bc7aa6b98c81f83,chapter-04.html,resolved_id
EXPLORER: Python Basics Hub,$WIKI_REFERENCE$/pages/ge44681a179c95ef86bc7aa6b98c81f83,chapter-04.html,resolved_id
EXPLORER: Python Basics Hub,$WIKI_REFERENCE$/pages/g8eb379821a9ee40c76cc552eacfa3b35,chapter-05.html,resolved_id
EXPLORER: Python Basics Hub,$WIKI_REFERENCE$/pages/g8eb379821a9ee40c76cc552eacfa3b35,chapter-05.html,resolved_id
EXPLORER: Python Basics Hub,$WIKI_REFERENCE$/pages/gf958bde4a2e897643a4db1519bd5055e,chapter-06.html,resolved_id
EXPLORER: Python Basics Hub,$WIKI_REFERENCE$/pages/gf958bde4a2e897643a4db1519bd5055e,chapter-06.html,resolved_id
EXPLORER: Python Basics Hub,$WIKI_REFERENCE$/pages/g6fc9b035a2396851348754671a85d867,chapter-07.html,resolved_id
EXPLORER: Python Basics Hub,$WIKI_REFERENCE$/pages/g6fc9b035a2396851348754671a85d867,chapter-07.html,resolved_id
EXPLORER: Python Basics Hub,$WIKI_REFERENCE$/pages/g4e3c97416930a98ffabd4aed61a3f7fa,chapter-08.html,resolved_id
EXPLORER: Python Basics Hub,$WIKI_REFERENCE$/pages/g4e3c97416930a98ffabd4aed61a3f7fa,chapter-08.html,resolved_id
EXPLORER: Python Basics Hub,$WIKI_REFERENCE$/pages/g4fcd22033573b40146417f0f88dd29e0,chapter-09.html,resolved_id
EXPLORER: Python Basics Hub,$WIKI_REFERENCE$/pages/g4fcd22033573b40146417f0f88dd29e0,chapter-09.html,resolved_id
EXPLORER: Python Basics Hub,$WIKI_REFERENCE$/pages/g131b0fcc42963c93827b8a3bc50503da,chapter-10.html,resolved_id
EXPLORER: Python Basics Hub,$WIKI_REFERENCE$/pages/g131b0fcc42963c93827b8a3bc50503da,chapter-10.html,resolved_id
Week 9 Lesson 2 - Challenge,$WIKI_REFERENCE$/pages/g5a64a875abe08e715f45d4cfb6e02e1e,week-9-lesson-2-challenge-teacher-solution.html,resolved_id
Pet Services Program - (Target Audience & Decision Tree),$IMS-CC-FILEBASE$/Uploaded%20Media%202/Decision%20Tree%20example.png,#,missing_asset
Pet Services Program - (Generating),$WIKI_REFERENCE$/pages/g6957058f1d91e8979208959e5fc137f2,writing-good-code-an-introduction.html,resolved_id
Pet Services Program - (Generating),$WIKI_REFERENCE$/pages/gbd446f1452526023e7fe392559617b6e,explorer-python-basics-hub.html,resolved_id
Pet Services Program - (Generating),$WIKI_REFERENCE$/pages/g3d056da269bdf3a152978c72df6dd7df,python-reference-wiki.html,resolved_id
Pet Services Program - (Generating),$WIKI_REFERENCE$/pages/g6957058f1d91e8979208959e5fc137f2,writing-good-code-an-introduction.html,resolved_id
Pet Services Program - (Generating),$WIKI_REFERENCE$/pages/gbd446f1452526023e7fe392559617b6e,explorer-python-basics-hub.html,resolved_id
Pet Services Program - (Generating),$WIKI_REFERENCE$/pages/ge817defdebb20c7f89f6c5219f91fc97,chapter-03.html,resolved_id
Pet Services Program - (Generating),$WIKI_REFERENCE$/pages/python-reference-wiki#input-output,python-reference-wiki.html#input-output,resolved_id
Pet Services Program - (Generating),$WIKI_REFERENCE$/pages/gf958bde4a2e897643a4db1519bd5055e,chapter-06.html,resolved_id
Pet Services Program - (Generating),$WIKI_REFERENCE$/pages/python-reference-wiki#conditionals,python-reference-wiki.html#conditionals,resolved_id
Pet Services Program - (Generating),$WIKI_REFERENCE$/pages/python-reference-wiki#strings,python-reference-wiki.html#strings,resolved_id
Pet Services Program - (Generating),$WIKI_REFERENCE$/pages/g8eb379821a9ee40c76cc552eacfa3b35?module_item_id=ge6950f72e0e07a9c533c46a1302dfa96,chapter-05.html,resolved_id
Pet Services Program - (Generating),$WIKI_REFERENCE$/pages/python-reference-wiki#getting-started,python-reference-wiki.html#getting-started,resolved_id
Pet Services Program - (Generating),$WIKI_REFERENCE$/pages/python-reference-wiki#debugging,python-reference-wiki.html#debugging,resolved_id
Pet Services Program - (Generating),$WIKI_REFERENCE$/pages/python-reference-wiki#input-output,python-reference-wiki.html#input-output,resolved_id
Pet Services Program - (Feedback),$WIKI_REFERENCE$/pages/gdc2a5174dc9ec134f8e93954b18bc9bf,pet-services-program-a-worked-solution.html,resolved_id
Pet Services Program: A worked solution,$IMS-CC-FILEBASE$/Uploaded%20Media%202/Dog%20Service%20Cost-2026-02-20-004823.png,#,missing_asset
Shopping List - (Decision Trees & Additional Features),$IMS-CC-FILEBASE$/Uploaded%20Media%202/image-6.png,#,missing_asset
Shopping List - (Generating),$IMS-CC-FILEBASE$/Uploaded%20Media%202/image-c8688d3c-8bcd-4a00-9e2b-69e9ddd88329.png,#,missing_asset
Shopping List - (Generating),$IMS-CC-FILEBASE$/Uploaded%20Media%202/image-3a722d7d-a818-471b-9b4f-dfd32b0854bc.png,#,missing_asset
Shopping List - (Generating),$IMS-CC-FILEBASE$/Uploaded%20Media%202/image-d7928c59-4dc8-4d3a-bdef-b21777e1bf24.png,#,missing_asset
Shopping List - (Generating cont.),$IMS-CC-FILEBASE$/Uploaded%20Media%202/image-38a279d1-ffb6-4cf9-875f-43376add96ec.png,#,missing_asset
Shopping List - (Generating cont.),$IMS-CC-FILEBASE$/Uploaded%20Media%202/image-3433fc24-f1b7-4b0f-b2e5-ad704cc5680a.png,#,missing_asset
Shopping List - (Generating cont.),$IMS-CC-FILEBASE$/Uploaded%20Media%202/image-2241a810-4f5a-41ce-8da4-3dfc32747d0e.png,#,missing_asset
Mini Game - (Dice Roll Guesser),$IMS-CC-FILEBASE$/Uploaded%20Media%202/image-8e2c53ed-bce0-4e90-aafe-9ec95787963b.png,#,missing_asset
Mini Game - (Dice Roll Guesser),$IMS-CC-FILEBASE$/Uploaded%20Media%202/image-f86a8872-93b6-418c-a068-a5f2e5b9df23.png,#,missing_asset
Mini Game - (Dice Roll Guesser),$IMS-CC-FILEBASE$/Uploaded%20Media%202/image-4f3cc256-89d0-4df5-bb39-adc6863df59b.png,#,missing_asset
Mini Game - (Dice Roll Guesser),$IMS-CC-FILEBASE$/Uploaded%20Media%202/image-3b3180e4-8649-4e7e-aa6c-64f4883b1f1e.png,#,missing_asset
Mini Game - (Dice Roll Guesser),$IMS-CC-FILEBASE$/Uploaded%20Media%202/image-c5dbd0d8-c7a8-4805-a5d4-b78dfb9774c5.png,#,missing_asset
Mini Game - (Dice Roll Guesser),$IMS-CC-FILEBASE$/Uploaded%20Media%202/image-8619e59f-e258-4fa1-8442-a050ff21384a.png,#,missing_asset
Mini Game - (Guess The Number),$IMS-CC-FILEBASE$/Uploaded%20Media/image-6.png,#,missing_asset
End of term projects,$IMS-CC-FILEBASE$/2025%20Hive%20Systems%20Password%20Table.png?canvas_=1&canvas_qs_wrap=1,#,missing_asset
End of term projects,$WIKI_REFERENCE$/pages/g3d056da269bdf3a152978c72df6dd7df,python-reference-wiki.html,resolved_id
End of term projects,$WIKI_REFERENCE$/pages/g3d056da269bdf3a152978c72df6dd7df,python-reference-wiki.html,resolved_id
End of term projects,$WIKI_REFERENCE$/pages/g3d056da269bdf3a152978c72df6dd7df,python-reference-wiki.html,resolved_id
End of term projects,$WIKI_REFERENCE$/pages/g3d056da269bdf3a152978c72df6dd7df,python-reference-wiki.html,resolved_id
Images are text?!,{image_path},#,placeholder
Welcome to Unit 2 - Making Python interact with the real-world!,$WIKI_REFERENCE$/pages/g3c7b90ed881277491cb9f88ca4f4d0b5,how-to-use-your-engineering-notebook.html,resolved_id
Welcome to Unit 2 - Making Python interact with the real-world!,$WIKI_REFERENCE$/pages/gd75240d125ce88d9403a3bf394f286af,using-vexcode.html,resolved_id
Welcome to Unit 2 - Making Python interact with the real-world!,$WIKI_REFERENCE$/pages/ge46768fb14773aa60d41cd21cd79099b,python-api.html,resolved_id
Welcome to Unit 2 - Making Python interact with the real-world!,$WIKI_REFERENCE$/pages/g681db7609337cd28b177e6080d7882c3,assessment-2-lesson-1.html,resolved_id
Welcome to Unit 2 - Making Python interact with the real-world!,$WIKI_REFERENCE$/pages/gf2199a20ef2781f6211f8fdb6ee9b6ad,assessment-2-lesson-2.html,resolved_id
Welcome to Unit 2 - Making Python interact with the real-world!,$WIKI_REFERENCE$/pages/g50d92152361512aabc6803edabb29b25,assessment-2-lesson-3.html,resolved_id
Welcome to Unit 2 - Making Python interact with the real-world!,$WIKI_REFERENCE$/pages/g68addfd20db05efe1c918a55a73ac981,assessment-2-lesson-4.html,resolved_id
Welcome to Unit 2 - Making Python interact with the real-world!,$WIKI_REFERENCE$/pages/g713960bfdf2f6e0312fcb4abdcf38a19,assessment-2-lesson-5.html,resolved_id
Welcome to Unit 2 - Making Python interact with the real-world!,$WIKI_REFERENCE$/pages/g3281808cab92e3b9714cb35dcd549388,assessment-2-lesson-6.html,resolved_id
Welcome to Unit 2 - Making Python interact with the real-world!,$WIKI_REFERENCE$/pages/g5a42d8c538cafd4708f7e45ee6830d15,assessment-2-lesson-7.html,resolved_id
Welcome to Unit 2 - Making Python interact with the real-world!,$WIKI_REFERENCE$/pages/g53e36a37e2d812b2295d7f4d32830d70,assessment-2-lesson-8.html,resolved_id
Welcome to Unit 2 - Making Python interact with the real-world!,$WIKI_REFERENCE$/pages/gca72f75a3d8669d8861b4984a5b55ec7,assessment-2-lesson-9.html,resolved_id
Welcome to Unit 2 - Making Python interact with the real-world!,$WIKI_REFERENCE$/pages/g5852934f019b96a3542093f09a1c7a0f,assessment-2-lesson-10.html,resolved_id
Welcome to Unit 2 - Making Python interact with the real-world!,$CANVAS_OBJECT_REFERENCE$/assignments/g83c8b3ec58553ccb99a6e4972e136b65,assignment-term-2-assignment-space-rover-design.html,resolved_assignment
Welcome to Unit 2 - Making Python interact with the real-world!,$WIKI_REFERENCE$/pages/g6eea08e07c480d16bf54f809ca868beb,rover-prototype-space-robot-inspiration.html,resolved_id
Welcome to Unit 2 - Making Python interact with the real-world!,$WIKI_REFERENCE$/pages/g3c8687addc776e04a9718b1d833a2ffd,engineering-portfolio-starter-pack.html,resolved_id
Welcome to Unit 2 - Making Python interact with the real-world!,$WIKI_REFERENCE$/pages/g44f6311647930d1875cc146e5bc2774f,lesson-by-lesson-engineering-entries.html,resolved_id
Welcome to Unit 2 - Making Python interact with the real-world!,$WIKI_REFERENCE$/pages/g0f42d865e1d40cca6d6c6ba96abf392a,week-1-meet-the-robot.html,resolved_id
Welcome to Unit 2 - Making Python interact with the real-world!,$WIKI_REFERENCE$/pages/g43186a9713987bb6992dda9292f76689,week-2-autonomous-movement-and-control.html,resolved_id
Welcome to Unit 2 - Making Python interact with the real-world!,$WIKI_REFERENCE$/pages/g301f586cd52eff453c27d96d37c1db14,week-3-sensors-decisions-and-treasure-hunting.html,resolved_id
Welcome to Unit 2 - Making Python interact with the real-world!,$WIKI_REFERENCE$/pages/gcbc1178ffafad8eef3d576e6feb36538,week-4-build-drive-and-test-the-cube-collector-clawbot.html,resolved_id
Welcome to Unit 2 - Making Python interact with the real-world!,$WIKI_REFERENCE$/pages/g86873ab9c604d89c9e8d72f5747dc269,week-5-build-drive-and-test-the-cube-collector-clawbot.html,resolved_id
Welcome to Unit 2 - Making Python interact with the real-world!,$WIKI_REFERENCE$/pages/g681db7609337cd28b177e6080d7882c3,assessment-2-lesson-1.html,resolved_id
Welcome to Unit 2 - Making Python interact with the real-world!,$WIKI_REFERENCE$/pages/gf2199a20ef2781f6211f8fdb6ee9b6ad,assessment-2-lesson-2.html,resolved_id
Welcome to Unit 2 - Making Python interact with the real-world!,$WIKI_REFERENCE$/pages/g50d92152361512aabc6803edabb29b25,assessment-2-lesson-3.html,resolved_id
Welcome to Unit 2 - Making Python interact with the real-world!,$WIKI_REFERENCE$/pages/g68addfd20db05efe1c918a55a73ac981,assessment-2-lesson-4.html,resolved_id
Welcome to Unit 2 - Making Python interact with the real-world!,$WIKI_REFERENCE$/pages/g713960bfdf2f6e0312fcb4abdcf38a19,assessment-2-lesson-5.html,resolved_id
Welcome to Unit 2 - Making Python interact with the real-world!,$WIKI_REFERENCE$/pages/g3281808cab92e3b9714cb35dcd549388,assessment-2-lesson-6.html,resolved_id
Welcome to Unit 2 - Making Python interact with the real-world!,$WIKI_REFERENCE$/pages/g5a42d8c538cafd4708f7e45ee6830d15,assessment-2-lesson-7.html,resolved_id
Welcome to Unit 2 - Making Python interact with the real-world!,$WIKI_REFERENCE$/pages/g53e36a37e2d812b2295d7f4d32830d70,assessment-2-lesson-8.html,resolved_id
Welcome to Unit 2 - Making Python interact with the real-world!,$WIKI_REFERENCE$/pages/gca72f75a3d8669d8861b4984a5b55ec7,assessment-2-lesson-9.html,resolved_id
Welcome to Unit 2 - Making Python interact with the real-world!,$WIKI_REFERENCE$/pages/g5852934f019b96a3542093f09a1c7a0f,assessment-2-lesson-10.html,resolved_id
Assignment: Term 2 Assignment - Space Rover Design,$WIKI_REFERENCE$/pages/g6eea08e07c480d16bf54f809ca868beb,rover-prototype-space-robot-inspiration.html,resolved_id
Assignment: Term 2 Assignment - Space Rover Design,$WIKI_REFERENCE$/pages/g3c8687addc776e04a9718b1d833a2ffd,engineering-portfolio-starter-pack.html,resolved_id
Assignment: Term 2 Assignment - Space Rover Design,$WIKI_REFERENCE$/pages/g44f6311647930d1875cc146e5bc2774f,lesson-by-lesson-engineering-entries.html,resolved_id
Week 1 - Meet the Robot,$IMS-CC-FILEBASE$/Uploaded%20Media%202/IQ%20Activity%20-%20Scavenger%20Hunt.pdf?canvas_=1&canvas_qs_wrap=1,#,missing_asset
Week 1 - Meet the Robot,$IMS-CC-FILEBASE$/Uploaded%20Media%202/IQ%20Activity%20-%20Scavenger%20Hunt.pdf?canvas_=1&canvas_qs_wrap=1,#,missing_asset
Week 1 - Meet the Robot,$IMS-CC-FILEBASE$/Uploaded%20Media%202/IQ%20Activity%20-%20Advanced%20Scavenger%20Hunt.pdf?canvas_=1&canvas_qs_wrap=1,#,missing_asset
Week 1 - Meet the Robot,$IMS-CC-FILEBASE$/Uploaded%20Media%202/iq-2nd-gen-basebot-rev12.pdf?canvas_=1&canvas_qs_wrap=1,#,missing_asset
Week 1 - Meet the Robot,$IMS-CC-FILEBASE$/Uploaded%20Media%202/simple-clawbot-rev2.pdf?canvas_=1&canvas_qs_wrap=1,#,missing_asset
Week 1 - Meet the Robot,$IMS-CC-FILEBASE$/Uploaded%20Media%202/iq-2nd-gen-basebot-rev12.pdf?canvas_=1&canvas_qs_wrap=1,#,missing_asset
Week 1 - Meet the Robot,$IMS-CC-FILEBASE$/Uploaded%20Media%202/iq-2nd-gen-basebot-rev12.pdf?canvas_=1&canvas_qs_wrap=1,#,missing_asset
Week 1 - Meet the Robot,$IMS-CC-FILEBASE$/Uploaded%20Media%202/simple-clawbot-rev2.pdf?canvas_=1&canvas_qs_wrap=1,#,missing_asset
Week 2 – Autonomous Movement and Control,$WIKI_REFERENCE$/pages/gd75240d125ce88d9403a3bf394f286af,using-vexcode.html,resolved_id
Week 2 – Autonomous Movement and Control,$IMS-CC-FILEBASE$/Uploaded%20Media%202/IQ%20-%20Coding%20the%20Drivetrain%20Lesson%20Summary.pdf?canvas_=1&canvas_qs_wrap=1,#,missing_asset
Week 2 – Autonomous Movement and Control,$IMS-CC-FILEBASE$/Uploaded%20Media%202/IQ%20-%20[Spin%20for]%20Lesson%20Summary%20-%20Blocks.pdf?canvas_=1&canvas_qs_wrap=1,#,missing_asset
Week 2 – Autonomous Movement and Control,$IMS-CC-FILEBASE$/Uploaded%20Media%202/IQ%20-%20Path%20Planning%20Lesson%20Summary.pdf?canvas_=1&canvas_qs_wrap=1,#,missing_asset
Week 2 – Autonomous Movement and Control,$IMS-CC-FILEBASE$/Uploaded%20Media%202/VEX%20IQ%20-%20Treasure%20Hunt%20-%20Lesson%202_%20Claw%20No%20Sensor%20-%20Introduction.mhtml?canvas_=1&canvas_qs_wrap=1,#,missing_asset
Week 2 – Autonomous Movement and Control,$IMS-CC-FILEBASE$/Uploaded%20Media%202/VEX%20IQ%20-%20Treasure%20Hunt%20-%20Lesson%202_%20Claw%20No%20Sensor%20-%20Learn.mhtml?canvas_=1&canvas_qs_wrap=1,#,missing_asset
Week 2 – Autonomous Movement and Control,$IMS-CC-FILEBASE$/Uploaded%20Media%202/IQ%20-%20Treasure%20Hunt%20-%20L2%20-%20Capture%20the%20Cube%20Practice%20Activity.pdf?canvas_=1&canvas_qs_wrap=1,#,missing_asset
Week 2 – Autonomous Movement and Control,$IMS-CC-FILEBASE$/Uploaded%20Media%202/VEX%20IQ%20-%20Treasure%20Hunt%20-%20Lesson%202_%20Claw%20No%20Sensor%20-%20Practice.mhtml?canvas_=1&canvas_qs_wrap=1,#,missing_asset
Week 2 – Autonomous Movement and Control,$IMS-CC-FILEBASE$/Uploaded%20Media%202/IQ%20-%20Path%20Planning%20Lesson%20Summary-1.pdf?canvas_=1&canvas_qs_wrap=1,#,missing_asset
Week 2 – Autonomous Movement and Control,$IMS-CC-FILEBASE$/Uploaded%20Media%202/IQ%20-%20Treasure%20Hunt%20-%20L2%20-%20Capture%20the%20Cube%20Practice%20Activity-1.pdf?canvas_=1&canvas_qs_wrap=1,#,missing_asset
Week 2 – Autonomous Movement and Control,$IMS-CC-FILEBASE$/Uploaded%20Media%202/IQ%20-%20Treasure%20Hunt%20-%20L2%20-%20Clawbot%20Collector%20Challenge%20Activity.pdf?canvas_=1&canvas_qs_wrap=1,#,missing_asset
Week 2 – Autonomous Movement and Control,$IMS-CC-FILEBASE$/Uploaded%20Media%202/IQ%20-%20Treasure%20Hunt%20-%20L2%20-%20Clawbot%20Collector%20Challenge%20Activity-1.pdf?canvas_=1&canvas_qs_wrap=1,#,missing_asset
Week 2 – Autonomous Movement and Control,$IMS-CC-FILEBASE$/Uploaded%20Media%202/IQ%20-%20Treasure%20Hunt%20-%20L2%20-%20Challenge%20CYU.pdf?canvas_=1&canvas_qs_wrap=1,#,missing_asset
Week 2 – Autonomous Movement and Control,$IMS-CC-FILEBASE$/Uploaded%20Media%202/IQ%20-%20[Repeat]%20Lesson%20Summary%20-%20Blocks.pdf?canvas_=1&canvas_qs_wrap=1,#,missing_asset
"Week 3 - Sensors, Decisions, and Treasure Hunting",$WIKI_REFERENCE$/pages/gd75240d125ce88d9403a3bf394f286af,using-vexcode.html,resolved_id
"Week 3 - Sensors, Decisions, and Treasure Hunting",$IMS-CC-FILEBASE$/Uploaded%20Media%202/IQ%20-%20Optical%20Sensor%20Overview%20Lesson%20Summary_1-1.pdf?canvas_=1&canvas_qs_wrap=1,#,missing_asset
"Week 3 - Sensors, Decisions, and Treasure Hunting",$IMS-CC-FILEBASE$/Uploaded%20Media%202/IQ%20-%20Optical%20Sensor%20Lesson%20Summary%20-%20Blocks_1-1.pdf?canvas_=1&canvas_qs_wrap=1,#,missing_asset
"Week 3 - Sensors, Decisions, and Treasure Hunting",$IMS-CC-FILEBASE$/Uploaded%20Media%202/IQ%20-%20[If%20then]%20Lesson%20Summary%20-%20Blocks-1.pdf?canvas_=1&canvas_qs_wrap=1,#,missing_asset
"Week 3 - Sensors, Decisions, and Treasure Hunting",$IMS-CC-FILEBASE$/Uploaded%20Media%202/IQ%20-%20[Repeat]%20Lesson%20Summary%20-%20Blocks-2.pdf?canvas_=1&canvas_qs_wrap=1,#,missing_asset
"Week 3 - Sensors, Decisions, and Treasure Hunting",$IMS-CC-FILEBASE$/Uploaded%20Media%202/IQ%20-%20Treasure%20Hunt%20-%20L3%20-%20Learn%20CYU-1.pdf?canvas_=1&canvas_qs_wrap=1,#,missing_asset
"Week 3 - Sensors, Decisions, and Treasure Hunting",$IMS-CC-FILEBASE$/Uploaded%20Media%202/IQ%20-%20Treasure%20Hunt%20-%20L3%20-%20Eye%20Spy%20Treasure%20Practice%20Activity.pdf?canvas_=1&canvas_qs_wrap=1,#,missing_asset
"Week 3 - Sensors, Decisions, and Treasure Hunting",$IMS-CC-FILEBASE$/Uploaded%20Media%202/IQ%20-%20Optical%20Sensor%20Lesson%20Summary%20-%20Blocks_1-1.pdf?canvas_=1&canvas_qs_wrap=1,#,missing_asset
"Week 3 - Sensors, Decisions, and Treasure Hunting",$IMS-CC-FILEBASE$/Uploaded%20Media%202/IQ%20-%20[If%20then]%20Lesson%20Summary%20-%20Blocks-1.pdf?canvas_=1&canvas_qs_wrap=1,#,missing_asset
"Week 3 - Sensors, Decisions, and Treasure Hunting",$IMS-CC-FILEBASE$/Uploaded%20Media%202/IQ%20-%20[Repeat]%20Lesson%20Summary%20-%20Blocks-2.pdf?canvas_=1&canvas_qs_wrap=1,#,missing_asset
"Week 3 - Sensors, Decisions, and Treasure Hunting",$IMS-CC-FILEBASE$/Uploaded%20Media%202/IQ%20-%20Optical%20Sensor%20Lesson%20Summary%20-%20Python_1-1.pdf?canvas_=1&canvas_qs_wrap=1,#,missing_asset
"Week 4: Build, Drive, and Test the Cube Collector Clawbot",$WIKI_REFERENCE$/pages/gd75240d125ce88d9403a3bf394f286af,using-vexcode.html,resolved_id
"Week 4: Build, Drive, and Test the Cube Collector Clawbot",$IMS-CC-FILEBASE$/Uploaded%20Media%202/VEX%20IQ%20-%20Cube%20Collector%20-%20Lesson%201_%20Introduction%20-%20Introduction-1.pdf?canvas_=1&canvas_qs_wrap=1,#,missing_asset
"Week 4: Build, Drive, and Test the Cube Collector Clawbot",$IMS-CC-FILEBASE$/Uploaded%20Media%202/VEX%20IQ%20-%20Cube%20Collector%20-%20Lesson%201_%20Introduction%20-%20Getting%20Ready%20to%20Build.pdf?canvas_=1&canvas_qs_wrap=1,#,missing_asset
"Week 4: Build, Drive, and Test the Cube Collector Clawbot",$IMS-CC-FILEBASE$/Uploaded%20Media%202/VEX%20IQ%20-%20Cube%20Collector%20-%20Lesson%201_%20Introduction%20-%20Build.pdf?canvas_=1&canvas_qs_wrap=1,#,missing_asset
"Week 4: Build, Drive, and Test the Cube Collector Clawbot",$IMS-CC-FILEBASE$/Uploaded%20Media%202/iq-2nd-gen-basebot-rev12-1.pdf?canvas_=1&canvas_qs_wrap=1,#,missing_asset
"Week 4: Build, Drive, and Test the Cube Collector Clawbot",$IMS-CC-FILEBASE$/Uploaded%20Media%202/clawbot-rev4.pdf?canvas_=1&canvas_qs_wrap=1,#,missing_asset
"Week 4: Build, Drive, and Test the Cube Collector Clawbot",$IMS-CC-FILEBASE$/Uploaded%20Media%202/VEX%20IQ%20-%20Cube%20Collector%20-%20Lesson%202_%20Driver%20Control%20-%20Introduction.pdf?canvas_=1&canvas_qs_wrap=1,#,missing_asset
"Week 4: Build, Drive, and Test the Cube Collector Clawbot",$IMS-CC-FILEBASE$/Uploaded%20Media%202/VEX%20IQ%20-%20Cube%20Collector%20-%20Lesson%202_%20Driver%20Control%20-%20Learn.pdf?canvas_=1&canvas_qs_wrap=1,#,missing_asset
"Week 4: Build, Drive, and Test the Cube Collector Clawbot",$IMS-CC-FILEBASE$/Uploaded%20Media%202/IQ%20-%20Driver%20Control%20Program%20Lesson%20Summary.pdf?canvas_=1&canvas_qs_wrap=1,#,missing_asset
"Week 4: Build, Drive, and Test the Cube Collector Clawbot",$IMS-CC-FILEBASE$/Uploaded%20Media%202/VEX%20IQ%20-%20Cube%20Collector%20-%20Lesson%202_%20Driver%20Control%20-%20Practice.pdf?canvas_=1&canvas_qs_wrap=1,#,missing_asset
"Week 4: Build, Drive, and Test the Cube Collector Clawbot",$IMS-CC-FILEBASE$/Uploaded%20Media%202/IQ%20-%20Cube%20Collector%20-%20L2%20-%20Stack%20and%20Score%20Practice%20Activity.pdf?canvas_=1&canvas_qs_wrap=1,#,missing_asset
"Week 4: Build, Drive, and Test the Cube Collector Clawbot",$IMS-CC-FILEBASE$/Uploaded%20Media%202/IQ%20-%20Cube%20Collector%20-%20L2%20-%20Speed%20Stack%20Challenge%20Activity.pdf?canvas_=1&canvas_qs_wrap=1,#,missing_asset
"Week 4: Build, Drive, and Test the Cube Collector Clawbot",$IMS-CC-FILEBASE$/Uploaded%20Media%202/IQ%20-%20Cube%20Collector%20-%20L2%20-%20Stack%20and%20Score%20Practice%20Activity.pdf?canvas_=1&canvas_qs_wrap=1,#,missing_asset
"Week 4: Build, Drive, and Test the Cube Collector Clawbot",$IMS-CC-FILEBASE$/Uploaded%20Media%202/IQ%20-%20Driver%20Control%20Program%20Lesson%20Summary.pdf?canvas_=1&canvas_qs_wrap=1,#,missing_asset
"Week 4: Build, Drive, and Test the Cube Collector Clawbot",$IMS-CC-FILEBASE$/Uploaded%20Media%202/iq-2nd-gen-basebot-rev12-1.pdf?canvas_=1&canvas_qs_wrap=1,#,missing_asset
"Week 4: Build, Drive, and Test the Cube Collector Clawbot",$IMS-CC-FILEBASE$/Uploaded%20Media%202/clawbot-rev4.pdf?canvas_=1&canvas_qs_wrap=1,#,missing_asset
"Week 5: Build, Drive, and Test the Cube Collector Clawbot",$WIKI_REFERENCE$/pages/gd75240d125ce88d9403a3bf394f286af,using-vexcode.html,resolved_id
"Week 5: Build, Drive, and Test the Cube Collector Clawbot",$WIKI_REFERENCE$/pages/g3c7b90ed881277491cb9f88ca4f4d0b5,how-to-use-your-engineering-notebook.html,resolved_id
"Week 5: Build, Drive, and Test the Cube Collector Clawbot",$WIKI_REFERENCE$/pages/ge46768fb14773aa60d41cd21cd79099b,python-api.html,resolved_id
"Week 5: Build, Drive, and Test the Cube Collector Clawbot",$IMS-CC-FILEBASE$/Uploaded%20Media%202/iq-2nd-gen-basebot-rev12-1.pdf?canvas_=1&canvas_qs_wrap=1,#,missing_asset
"Week 5: Build, Drive, and Test the Cube Collector Clawbot",$IMS-CC-FILEBASE$/Uploaded%20Media%202/clawbot-rev4.pdf?canvas_=1&canvas_qs_wrap=1,#,missing_asset
"Week 5: Build, Drive, and Test the Cube Collector Clawbot",$IMS-CC-FILEBASE$/Uploaded%20Media%202/IQ%20-%20Cube%20Collector%20-%20L2%20-%20Stack%20and%20Score%20Practice%20Activity.pdf?canvas_=1&canvas_qs_wrap=1,#,missing_asset
"Week 5: Build, Drive, and Test the Cube Collector Clawbot",$IMS-CC-FILEBASE$/Uploaded%20Media%202/IQ%20-%20Driver%20Control%20Program%20Lesson%20Summary.pdf?canvas_=1&canvas_qs_wrap=1,#,missing_asset
"Week 5: Build, Drive, and Test the Cube Collector Clawbot",$IMS-CC-FILEBASE$/Uploaded%20Media%202/IQ%20-%20Cube%20Collector%20-%20L2%20-%20Speed%20Stack%20Challenge%20Activity.pdf?canvas_=1&canvas_qs_wrap=1,#,missing_asset
"Week 5: Build, Drive, and Test the Cube Collector Clawbot",$IMS-CC-FILEBASE$/Uploaded%20Media%202/IQ%20-%20Cube%20Collector%20-%20L2%20-%20Stack%20and%20Score%20Practice%20Activity.pdf?canvas_=1&canvas_qs_wrap=1,#,missing_asset
"Week 5: Build, Drive, and Test the Cube Collector Clawbot",$IMS-CC-FILEBASE$/Uploaded%20Media%202/IQ%20-%20Cube%20Collector%20-%20L2%20-%20Speed%20Stack%20Challenge%20Activity-1.pdf?canvas_=1&canvas_qs_wrap=1,#,missing_asset
"Week 5: Build, Drive, and Test the Cube Collector Clawbot",$IMS-CC-FILEBASE$/Uploaded%20Media%202/iq-2nd-gen-basebot-rev12-1.pdf?canvas_=1&canvas_qs_wrap=1,#,missing_asset
"Week 5: Build, Drive, and Test the Cube Collector Clawbot",$IMS-CC-FILEBASE$/Uploaded%20Media%202/clawbot-rev4.pdf?canvas_=1&canvas_qs_wrap=1,#,missing_asset
"Week 5: Build, Drive, and Test the Cube Collector Clawbot",$IMS-CC-FILEBASE$/Uploaded%20Media%202/IQ%20-%20Cube%20Collector%20-%20L2%20-%20Stack%20and%20Score%20Practice%20Activity-1.pdf?canvas_=1&canvas_qs_wrap=1,#,missing_asset
"Week 5: Build, Drive, and Test the Cube Collector Clawbot",$IMS-CC-FILEBASE$/Uploaded%20Media%202/IQ%20-%20Cube%20Collector%20-%20L2%20-%20Speed%20Stack%20Challenge%20Activity-2.pdf?canvas_=1&canvas_qs_wrap=1,#,missing_asset
"Week 5: Build, Drive, and Test the Cube Collector Clawbot",$IMS-CC-FILEBASE$/Uploaded%20Media%202/IQ%20-%20Cube%20Collector%20-%20L3%20-%20Preparing%20for%20Autonomous%20Challenges%20Lesson%20Summary.pdf?canvas_=1&canvas_qs_wrap=1,#,missing_asset
Using VEXcode,$IMS-CC-FILEBASE$/VEXcode%20installers/VEXcode%20IQ-4.65.0-latest-win-x64.exe?canvas_=1&canvas_qs_wrap=1,#,missing_asset
Using VEXcode,$IMS-CC-FILEBASE$/VEXcode%20installers/VEXcode%20IQ-4.65.0-latest-mac-arm64.dmg?canvas_=1&canvas_qs_wrap=1,#,missing_asset
Using VEXcode,$WIKI_REFERENCE$/pages/g0faad0192edf6e5abcafe6790dde921d,blocks-api.html,resolved_id
Using VEXcode,$WIKI_REFERENCE$/pages/ge46768fb14773aa60d41cd21cd79099b,python-api.html,resolved_id
Using VEXcode,$WIKI_REFERENCE$/pages/ge46768fb14773aa60d41cd21cd79099b,python-api.html,resolved_id
