date,start_local,end_local,duration_minutes,max_altitude_deg,quality
2027-01-16,2027-01-16T04:33:00+10:00,2027-01-16T04:33:00+10:00,10.0,20.51,useful
2027-01-17,2027-01-17T04:29:00+10:00,2027-01-17T04:39:00+10:00,20.0,22.55,useful
2027-01-18,2027-01-18T04:24:49.827917+10:00,2027-01-18T04:34:49.827917+10:00,20.0,22.5,useful
2027-01-19,2027-01-19T04:20:00+10:00,2027-01-19T04:40:00+10:00,30.0,24.38,useful
2027-01-20,2027-01-20T04:20:00+10:00,2027-01-20T04:40:00+10:00,30.0,25.19,excellent
2027-01-21,2027-01-21T04:20:00+10:00,2027-01-21T04:40:00+10:00,30.0,26.01,excellent
2027-01-22,2027-01-22T04:07:00+10:00,2027-01-22T04:37:00+10:00,40.0,26.21,excellent
2027-01-28,2027-01-28T03:51:26.706593+10:00,2027-01-28T04:41:26.706593+10:00,60.0,32.08,excellent
2027-02-01,2027-02-01T03:29:22.917266+10:00,2027-02-01T04:49:22.917266+10:00,90.0,37.09,excellent
2027-02-02,2027-02-02T03:28:48.427573+10:00,2027-02-02T04:48:48.427573+10:00,90.0,37.81,excellent
2027-02-03,2027-02-03T03:28:12.568510+10:00,2027-02-03T04:48:12.568510+10:00,90.0,38.52,excellent
2027-02-04,2027-02-04T03:17:35.365053+10:00,2027-02-04T04:47:35.365053+10:00,100.0,39.22,excellent
2027-02-05,2027-02-05T03:16:56.842792+10:00,2027-02-05T04:46:56.842792+10:00,100.0,39.93,excellent
2027-02-06,2027-02-06T03:16:17.027888+10:00,2027-02-06T04:56:17.027888+10:00,110.0,42.77,excellent
2027-02-07,2027-02-07T03:05:35.947036+10:00,2027-02-07T04:55:35.947036+10:00,120.0,43.46,excellent
2027-02-08,2027-02-08T03:04:53.627426+10:00,2027-02-08T04:54:53.627426+10:00,120.0,44.16,excellent
2027-02-09,2027-02-09T03:04:10.096706+10:00,2027-02-09T04:54:10.096706+10:00,120.0,44.85,excellent
2027-02-10,2027-02-10T02:53:25.382947+10:00,2027-02-10T04:53:25.382947+10:00,130.0,45.53,excellent
2027-02-11,2027-02-11T02:52:39.514604+10:00,2027-02-11T04:52:39.514604+10:00,130.0,46.22,excellent
2027-02-12,2027-02-12T02:51:52.520487+10:00,2027-02-12T05:01:52.520487+10:00,140.0,49.05,excellent
2027-02-13,2027-02-13T02:49:00+10:00,2027-02-13T04:59:00+10:00,140.0,49.28,excellent
2027-02-14,2027-02-14T02:37:00+10:00,2027-02-14T04:57:00+10:00,150.0,49.7,excellent
2027-02-15,2027-02-15T02:33:00+10:00,2027-02-15T05:03:00+10:00,160.0,51.85,excellent
2027-02-16,2027-02-16T02:36:00+10:00,2027-02-16T04:56:00+10:00,150.0,51.19,excellent
2027-02-17,2027-02-17T02:27:41.692243+10:00,2027-02-17T04:57:41.692243+10:00,160.0,52.41,excellent
2027-02-18,2027-02-18T02:28:00+10:00,2027-02-18T04:58:00+10:00,160.0,53.33,excellent
2027-02-19,2027-02-19T02:26:00+10:00,2027-02-19T05:06:00+10:00,170.0,55.92,excellent
2027-02-20,2027-02-20T03:08:00+10:00,2027-02-20T05:08:00+10:00,130.0,57.21,excellent
2027-02-26,2027-02-26T01:59:13.106262+10:00,2027-02-26T05:09:13.106262+10:00,200.0,62.63,excellent
2027-03-03,2027-03-03T01:34:05.629123+10:00,2027-03-03T05:14:05.629123+10:00,230.0,68.0,excellent
2027-03-04,2027-03-04T01:33:02.456492+10:00,2027-03-04T05:13:02.456492+10:00,230.0,68.63,excellent
2027-03-05,2027-03-05T01:21:58.795627+10:00,2027-03-05T05:11:58.795627+10:00,240.0,69.26,excellent
2027-03-06,2027-03-06T01:20:54.676655+10:00,2027-03-06T05:10:54.676655+10:00,240.0,69.89,excellent
2027-03-07,2027-03-07T01:19:50.129570+10:00,2027-03-07T05:09:50.129570+10:00,240.0,70.51,excellent
2027-03-08,2027-03-08T01:18:45.184220+10:00,2027-03-08T05:18:45.184220+10:00,250.0,73.33,excellent
2027-03-09,2027-03-09T01:07:39.870307+10:00,2027-03-09T05:17:39.870307+10:00,260.0,73.96,excellent
2027-03-10,2027-03-10T01:06:34.217373+10:00,2027-03-10T05:16:34.217373+10:00,260.0,74.58,excellent
2027-03-11,2027-03-11T01:05:28.254799+10:00,2027-03-11T05:15:28.254799+10:00,260.0,75.2,excellent
2027-03-12,2027-03-12T00:54:22.011798+10:00,2027-03-12T05:14:22.011798+10:00,270.0,75.82,excellent
2027-03-13,2027-03-13T00:53:15.517412+10:00,2027-03-13T05:13:15.517412+10:00,270.0,76.44,excellent
2027-03-14,2027-03-14T00:52:08.800509+10:00,2027-03-14T05:22:08.800509+10:00,280.0,79.24,excellent
2027-03-15,2027-03-15T00:51:00+10:00,2027-03-15T05:21:00+10:00,280.0,79.85,excellent
2027-03-16,2027-03-16T00:39:00+10:00,2027-03-16T05:19:00+10:00,290.0,80.27,excellent
2027-03-17,2027-03-17T00:44:00+10:00,2027-03-17T05:24:00+10:00,290.0,82.22,excellent
2027-03-18,2027-03-18T00:37:40.278816+10:00,2027-03-18T05:17:40.278816+10:00,290.0,81.7,excellent
2027-03-19,2027-03-19T00:52:00+10:00,2027-03-19T05:22:00+10:00,280.0,83.48,excellent
2027-03-20,2027-03-20T02:01:00+10:00,2027-03-20T05:21:00+10:00,210.0,84.11,excellent
2027-03-21,2027-03-21T03:09:00+10:00,2027-03-21T05:19:00+10:00,140.0,84.53,excellent
2027-03-22,2027-03-22T04:14:00+10:00,2027-03-22T05:24:00+10:00,80.0,86.39,excellent
2027-03-26,2027-03-26T23:57:34.040088+10:00,2027-03-27T05:27:34.040088+10:00,340.0,88.5,excellent
2027-03-31,2027-03-31T23:42:01.685347+10:00,2027-04-01T05:32:01.685347+10:00,360.0,88.46,excellent
2027-04-01,2027-04-01T23:40:55.989147+10:00,2027-04-02T05:30:55.989147+10:00,360.0,88.21,excellent
2027-04-02,2027-04-02T23:29:50.610974+10:00,2027-04-03T05:29:50.610974+10:00,370.0,88.49,excellent
2027-04-03,2027-04-03T23:28:45.576144+10:00,2027-04-04T05:28:45.576144+10:00,370.0,88.54,excellent
2027-04-04,2027-04-04T23:27:40.909821+10:00,2027-04-05T05:27:40.909821+10:00,370.0,88.33,excellent
2027-04-05,2027-04-05T23:16:36.637019+10:00,2027-04-06T05:26:36.637019+10:00,380.0,88.37,excellent
2027-04-06,2027-04-06T23:15:32.782602+10:00,2027-04-07T05:25:32.782602+10:00,380.0,88.55,excellent
2027-04-07,2027-04-07T23:14:29.371283+10:00,2027-04-08T05:34:29.371283+10:00,390.0,88.46,excellent
2027-04-08,2027-04-08T23:13:26.427620+10:00,2027-04-09T05:33:26.427620+10:00,390.0,88.21,excellent
2027-04-09,2027-04-09T23:02:23.976018+10:00,2027-04-10T05:32:23.976018+10:00,400.0,88.49,excellent
2027-04-10,2027-04-10T23:01:22.040720+10:00,2027-04-11T05:31:22.040720+10:00,400.0,88.54,excellent
2027-04-11,2027-04-11T23:00:20.645810+10:00,2027-04-12T05:30:20.645810+10:00,400.0,88.31,excellent
2027-04-12,2027-04-12T22:57:00+10:00,2027-04-13T05:37:00+10:00,410.0,88.24,excellent
2027-04-13,2027-04-13T22:54:00+10:00,2027-04-14T05:34:00+10:00,410.0,88.24,excellent
2027-04-14,2027-04-14T23:52:00+10:00,2027-04-15T05:32:00+10:00,350.0,88.44,excellent
2027-04-15,2027-04-15T22:46:20.945735+10:00,2027-04-16T05:36:20.945735+10:00,420.0,88.26,excellent
2027-04-17,2027-04-17T00:58:00+10:00,2027-04-17T05:38:00+10:00,290.0,88.53,excellent
2027-04-18,2027-04-18T02:03:00+10:00,2027-04-18T05:33:00+10:00,220.0,88.55,excellent
2027-04-19,2027-04-19T03:05:00+10:00,2027-04-19T05:35:00+10:00,160.0,88.32,excellent
2027-04-20,2027-04-20T04:06:00+10:00,2027-04-20T05:36:00+10:00,100.0,85.13,excellent
2027-04-24,2027-04-24T22:08:02.310679+10:00,2027-04-25T05:38:02.310679+10:00,460.0,88.43,excellent
2027-04-27,2027-04-27T21:55:30.738400+10:00,2027-04-27T22:05:30.738400+10:00,20.0,23.28,useful
2027-04-28,2027-04-28T21:54:42.022014+10:00,2027-04-28T23:04:42.022014+10:00,80.0,36.53,excellent
2027-04-29,2027-04-29T21:43:54.242359+10:00,2027-04-30T05:43:54.242359+10:00,490.0,88.5,excellent
2027-04-30,2027-04-30T21:43:07.418580+10:00,2027-05-01T05:43:07.418580+10:00,490.0,88.52,excellent
2027-05-01,2027-05-01T21:42:21.569401+10:00,2027-05-02T05:42:21.569401+10:00,490.0,88.24,excellent
2027-05-02,2027-05-02T21:31:36.713110+10:00,2027-05-03T05:41:36.713110+10:00,500.0,88.47,excellent
2027-05-03,2027-05-03T21:30:52.867534+10:00,2027-05-04T05:40:52.867534+10:00,500.0,88.54,excellent
2027-05-04,2027-05-04T21:30:10.050019+10:00,2027-05-05T05:40:10.050019+10:00,500.0,88.28,excellent
2027-05-05,2027-05-05T21:19:28.277406+10:00,2027-05-06T05:49:28.277406+10:00,520.0,88.44,excellent
2027-05-06,2027-05-06T21:18:47.566009+10:00,2027-05-07T05:48:47.566009+10:00,520.0,88.55,excellent
2027-05-07,2027-05-07T21:18:07.931593+10:00,2027-05-08T05:48:07.931593+10:00,520.0,88.31,excellent
2027-05-08,2027-05-08T21:07:29.389346+10:00,2027-05-09T05:47:29.389346+10:00,530.0,88.43,excellent
2027-05-09,2027-05-09T21:06:51.953863+10:00,2027-05-10T05:46:51.953863+10:00,530.0,88.55,excellent
2027-05-10,2027-05-10T21:06:15.639116+10:00,2027-05-11T05:46:15.639116+10:00,530.0,88.32,excellent
2027-05-11,2027-05-11T21:44:00+10:00,2027-05-12T05:44:00+10:00,490.0,88.25,excellent
2027-05-12,2027-05-12T22:52:00+10:00,2027-05-13T05:52:00+10:00,430.0,88.45,excellent
2027-05-13,2027-05-13T23:56:00+10:00,2027-05-14T05:46:00+10:00,360.0,88.23,excellent
2027-05-14,2027-05-14T20:44:01.843866+10:00,2027-05-15T05:54:01.843866+10:00,560.0,88.44,excellent
2027-05-16,2027-05-16T00:59:00+10:00,2027-05-16T05:49:00+10:00,300.0,88.33,excellent
2027-05-17,2027-05-17T01:59:00+10:00,2027-05-17T05:49:00+10:00,240.0,88.55,excellent
2027-05-18,2027-05-18T02:58:00+10:00,2027-05-18T05:48:00+10:00,180.0,76.0,excellent
2027-05-19,2027-05-19T03:58:00+10:00,2027-05-19T05:48:00+10:00,120.0,61.99,excellent
2027-05-24,2027-05-24T20:09:51.056940+10:00,2027-05-25T05:49:51.056940+10:00,590.0,88.45,excellent
2027-05-25,2027-05-25T19:59:32.737050+10:00,2027-05-25T20:59:32.737050+10:00,70.0,32.5,excellent
2027-05-26,2027-05-26T19:59:15.658504+10:00,2027-05-26T21:49:15.658504+10:00,120.0,43.93,excellent
2027-05-27,2027-05-27T19:58:59.821379+10:00,2027-05-27T22:48:59.821379+10:00,180.0,57.72,excellent
2027-05-28,2027-05-28T19:48:45.224778+10:00,2027-05-28T23:38:45.224778+10:00,240.0,69.46,excellent
2027-05-29,2027-05-29T19:48:31.866824+10:00,2027-05-30T05:58:31.866824+10:00,620.0,88.54,excellent
2027-05-30,2027-05-30T19:48:19.744645+10:00,2027-05-31T05:58:19.744645+10:00,620.0,88.24,excellent
2027-05-31,2027-05-31T19:38:08.854371+10:00,2027-06-01T05:58:08.854371+10:00,630.0,88.51,excellent
2027-06-01,2027-06-01T19:37:59.191131+10:00,2027-06-02T05:57:59.191131+10:00,630.0,88.48,excellent
2027-06-02,2027-06-02T19:37:50.749045+10:00,2027-06-03T05:57:50.749045+10:00,630.0,88.29,excellent
2027-06-03,2027-06-03T19:27:43.521224+10:00,2027-06-04T05:57:43.521224+10:00,640.0,88.55,excellent
2027-06-04,2027-06-04T19:27:37.499772+10:00,2027-06-05T05:57:37.499772+10:00,640.0,88.36,excellent
2027-06-05,2027-06-05T19:17:32.675790+10:00,2027-06-06T05:57:32.675790+10:00,650.0,88.44,excellent
2027-06-06,2027-06-06T19:17:29.039377+10:00,2027-06-07T05:57:29.039377+10:00,650.0,88.53,excellent
2027-06-07,2027-06-07T19:17:26.579636+10:00,2027-06-08T05:47:26.579636+10:00,640.0,88.2,excellent
2027-06-08,2027-06-08T19:07:25.284689+10:00,2027-06-09T05:47:25.284689+10:00,650.0,88.54,excellent
2027-06-09,2027-06-09T21:48:00+10:00,2027-06-10T05:48:00+10:00,490.0,88.36,excellent
2027-06-10,2027-06-10T22:52:00+10:00,2027-06-11T05:42:00+10:00,420.0,88.52,excellent
2027-06-11,2027-06-11T23:54:00+10:00,2027-06-12T05:34:00+10:00,350.0,88.44,excellent
2027-06-12,2027-06-12T18:57:31.481457+10:00,2027-06-13T05:27:31.481457+10:00,640.0,88.2,excellent
2027-06-14,2027-06-14T00:53:00+10:00,2027-06-14T05:23:00+10:00,280.0,80.12,excellent
2027-06-15,2027-06-15T01:53:00+10:00,2027-06-15T05:23:00+10:00,220.0,66.11,excellent
2027-06-16,2027-06-16T02:52:00+10:00,2027-06-16T05:22:00+10:00,160.0,52.38,excellent
2027-06-17,2027-06-17T03:51:00+10:00,2027-06-17T05:11:00+10:00,90.0,38.83,excellent
2027-06-18,2027-06-18T04:51:00+10:00,2027-06-18T05:11:00+10:00,30.0,25.36,excellent
2027-06-21,2027-06-21T18:18:47.344944+10:00,2027-06-21T18:48:47.344944+10:00,40.0,27.34,excellent
2027-06-22,2027-06-22T18:19:00.598319+10:00,2027-06-22T19:39:00.598319+10:00,90.0,38.77,excellent
2027-06-23,2027-06-23T18:09:14.732909+10:00,2027-06-23T20:39:14.732909+10:00,160.0,52.59,excellent
2027-06-24,2027-06-24T18:09:29.724075+10:00,2027-06-25T04:39:29.724075+10:00,640.0,88.3,excellent
2027-06-25,2027-06-25T17:59:45.546673+10:00,2027-06-25T22:19:45.546673+10:00,270.0,76.28,excellent
2027-06-26,2027-06-26T18:00:02.175099+10:00,2027-06-26T23:10:02.175099+10:00,320.0,87.79,excellent
2027-06-27,2027-06-27T17:50:19.583336+10:00,2027-06-28T04:30:19.583336+10:00,650.0,88.37,excellent
2027-06-28,2027-06-28T17:50:37.745001+10:00,2027-06-29T04:30:37.745001+10:00,650.0,88.54,excellent
2027-06-29,2027-06-29T17:50:56.633390+10:00,2027-06-30T04:20:56.633390+10:00,640.0,88.19,excellent
2027-06-30,2027-06-30T17:41:16.221533+10:00,2027-07-01T04:21:16.221533+10:00,650.0,88.55,excellent
2027-07-01,2027-07-01T17:41:36.482239+10:00,2027-07-02T04:21:36.482239+10:00,650.0,88.34,excellent
2027-07-02,2027-07-02T17:31:57.388145+10:00,2027-07-03T04:11:57.388145+10:00,650.0,88.48,excellent
2027-07-03,2027-07-03T17:32:18.911773+10:00,2027-07-04T04:12:18.911773+10:00,650.0,88.47,excellent
2027-07-04,2027-07-04T17:32:41.025574+10:00,2027-07-05T04:02:41.025574+10:00,640.0,88.36,excellent
2027-07-05,2027-07-05T17:33:03.701982+10:00,2027-07-06T04:03:03.701982+10:00,640.0,88.54,excellent
2027-07-06,2027-07-06T17:33:26.913464+10:00,2027-07-07T03:53:26.913464+10:00,630.0,88.2,excellent
2027-07-07,2027-07-07T17:33:50.632571+10:00,2027-07-08T03:53:50.632571+10:00,630.0,88.55,excellent
2027-07-08,2027-07-08T17:34:14.831984+10:00,2027-07-09T03:54:14.831984+10:00,630.0,88.33,excellent
2027-07-09,2027-07-09T22:46:00+10:00,2027-07-10T03:46:00+10:00,310.0,85.46,excellent
2027-07-10,2027-07-10T23:46:00+10:00,2027-07-11T03:46:00+10:00,250.0,71.54,excellent
2027-07-11,2027-07-11T17:35:30.041898+10:00,2027-07-12T03:35:30.041898+10:00,610.0,88.39,excellent
2027-07-13,2027-07-13T00:46:00+10:00,2027-07-13T03:36:00+10:00,180.0,56.7,excellent
2027-07-14,2027-07-14T01:46:00+10:00,2027-07-14T03:26:00+10:00,110.0,42.86,excellent
2027-07-15,2027-07-15T02:45:00+10:00,2027-07-15T03:25:00+10:00,50.0,29.5,excellent
2027-07-21,2027-07-21T17:40:01.234347+10:00,2027-07-21T19:20:01.234347+10:00,110.0,59.31,excellent
2027-07-22,2027-07-22T17:40:29.473755+10:00,2027-07-22T20:20:29.473755+10:00,170.0,73.41,excellent
2027-07-23,2027-07-23T17:40:57.830127+10:00,2027-07-23T21:10:57.830127+10:00,220.0,85.25,excellent
2027-07-24,2027-07-24T17:41:26.284056+10:00,2027-07-24T22:01:26.284056+10:00,270.0,88.32,excellent
2027-07-25,2027-07-25T17:41:54.816901+10:00,2027-07-26T02:41:54.816901+10:00,550.0,88.51,excellent
2027-07-26,2027-07-26T17:42:23.410808+10:00,2027-07-27T02:42:23.410808+10:00,550.0,88.43,excellent
2027-07-27,2027-07-27T17:42:52.048728+10:00,2027-07-28T02:32:52.048728+10:00,540.0,88.42,excellent
2027-07-28,2027-07-28T17:43:20.714433+10:00,2027-07-29T02:33:20.714433+10:00,540.0,88.51,excellent
2027-07-29,2027-07-29T17:43:49.392527+10:00,2027-07-30T02:23:49.392527+10:00,530.0,88.3,excellent
2027-07-30,2027-07-30T17:44:18.068457+10:00,2027-07-31T02:24:18.068457+10:00,530.0,88.55,excellent
2027-07-31,2027-07-31T17:44:46.728524+10:00,2027-08-01T02:14:46.728524+10:00,520.0,88.21,excellent
2027-08-01,2027-08-01T17:45:15.359885+10:00,2027-08-02T02:15:15.359885+10:00,520.0,88.54,excellent
2027-08-02,2027-08-02T17:45:43.950560+10:00,2027-08-03T02:15:43.950560+10:00,520.0,88.35,excellent
2027-08-03,2027-08-03T17:46:12.489434+10:00,2027-08-04T02:06:12.489434+10:00,510.0,88.49,excellent
2027-08-04,2027-08-04T17:46:40.966256+10:00,2027-08-05T02:06:40.966256+10:00,510.0,88.46,excellent
2027-08-05,2027-08-05T17:47:09.371640+10:00,2027-08-06T01:57:09.371640+10:00,500.0,88.39,excellent
2027-08-06,2027-08-06T17:47:37.697059+10:00,2027-08-07T01:57:37.697059+10:00,500.0,88.53,excellent
2027-08-07,2027-08-07T22:36:00+10:00,2027-08-08T01:56:00+10:00,210.0,62.76,excellent
2027-08-08,2027-08-08T17:48:34.078159+10:00,2027-08-09T01:48:34.078159+10:00,490.0,88.55,excellent
2027-08-09,2027-08-09T17:49:02.121031+10:00,2027-08-10T01:39:02.121031+10:00,480.0,88.26,excellent
2027-08-11,2027-08-11T00:38:00+10:00,2027-08-11T01:38:00+10:00,70.0,33.89,excellent
2027-08-12,2027-08-12T01:37:00+10:00,2027-08-12T01:37:00+10:00,10.0,20.77,useful
2027-08-19,2027-08-19T17:53:36.285216+10:00,2027-08-19T19:03:36.285216+10:00,80.0,80.68,excellent
2027-08-20,2027-08-20T17:54:03.055978+10:00,2027-08-20T19:54:03.055978+10:00,130.0,88.44,excellent
2027-08-21,2027-08-21T17:54:29.715213+10:00,2027-08-21T20:54:29.715213+10:00,190.0,88.41,excellent
2027-08-22,2027-08-22T17:54:56.266558+10:00,2027-08-22T21:44:56.266558+10:00,240.0,88.52,excellent
2027-08-23,2027-08-23T17:55:22.714266+10:00,2027-08-23T22:45:22.714266+10:00,300.0,88.28,excellent
2027-08-24,2027-08-24T17:55:49.063180+10:00,2027-08-25T00:45:49.063180+10:00,420.0,88.55,excellent
2027-08-25,2027-08-25T17:56:15.318722+10:00,2027-08-26T00:36:15.318722+10:00,410.0,88.24,excellent
2027-08-26,2027-08-26T17:56:41.486862+10:00,2027-08-27T00:36:41.486862+10:00,410.0,88.53,excellent
2027-08-27,2027-08-27T17:57:07.574106+10:00,2027-08-28T00:37:07.574106+10:00,410.0,88.38,excellent
2027-08-28,2027-08-28T17:57:33.587471+10:00,2027-08-29T00:27:33.587471+10:00,400.0,88.46,excellent
2027-08-29,2027-08-29T17:57:59.534468+10:00,2027-08-30T00:27:59.534468+10:00,400.0,88.49,excellent
2027-08-30,2027-08-30T17:58:25.423078+10:00,2027-08-31T00:18:25.423078+10:00,390.0,88.35,excellent
2027-08-31,2027-08-31T17:58:51.261737+10:00,2027-09-01T00:18:51.261737+10:00,390.0,88.54,excellent
2027-09-01,2027-09-01T17:59:17.059312+10:00,2027-09-02T00:09:17.059312+10:00,380.0,88.19,excellent
2027-09-02,2027-09-02T17:59:42.825087+10:00,2027-09-03T00:09:42.825087+10:00,380.0,88.55,excellent
2027-09-03,2027-09-03T18:00:08.568736+10:00,2027-09-04T00:10:08.568736+10:00,380.0,88.32,excellent
2027-09-04,2027-09-04T18:00:34.300313+10:00,2027-09-05T00:00:34.300313+10:00,370.0,88.5,excellent
2027-09-05,2027-09-05T22:25:00+10:00,2027-09-05T23:55:00+10:00,100.0,40.44,excellent
2027-09-06,2027-09-06T23:27:00+10:00,2027-09-06T23:57:00+10:00,40.0,26.51,excellent
2027-09-07,2027-09-07T18:01:51.528373+10:00,2027-09-07T23:51:51.528373+10:00,360.0,88.53,excellent
2027-09-18,2027-09-18T18:06:39.642131+10:00,2027-09-18T19:46:39.642131+10:00,110.0,85.49,excellent
2027-09-19,2027-09-19T18:07:06.598957+10:00,2027-09-19T20:47:06.598957+10:00,170.0,84.57,excellent
2027-09-20,2027-09-20T18:07:33.740968+10:00,2027-09-20T21:47:33.740968+10:00,230.0,83.63,excellent
2027-09-21,2027-09-21T18:08:01.081869+10:00,2027-09-21T22:48:01.081869+10:00,290.0,82.68,excellent
2027-09-22,2027-09-22T18:08:28.635420+10:00,2027-09-22T22:48:28.635420+10:00,290.0,81.73,excellent
2027-09-23,2027-09-23T18:08:56.415414+10:00,2027-09-23T22:48:56.415414+10:00,290.0,80.78,excellent
2027-09-24,2027-09-24T18:09:24.435656+10:00,2027-09-24T22:39:24.435656+10:00,280.0,79.82,excellent
2027-09-25,2027-09-25T18:09:52.709947+10:00,2027-09-25T22:39:52.709947+10:00,280.0,78.85,excellent
2027-09-26,2027-09-26T18:10:21.252056+10:00,2027-09-26T22:30:21.252056+10:00,270.0,77.89,excellent
2027-09-27,2027-09-27T18:10:50.075703+10:00,2027-09-27T22:30:50.075703+10:00,270.0,76.92,excellent
2027-09-28,2027-09-28T18:11:19.194533+10:00,2027-09-28T22:31:19.194533+10:00,270.0,75.95,excellent
2027-09-29,2027-09-29T18:11:48.622094+10:00,2027-09-29T22:21:48.622094+10:00,260.0,74.99,excellent
2027-09-30,2027-09-30T18:12:18.371811+10:00,2027-09-30T22:22:18.371811+10:00,260.0,74.01,excellent
2027-10-01,2027-10-01T18:12:48.456961+10:00,2027-10-01T22:12:48.456961+10:00,250.0,73.04,excellent
2027-10-02,2027-10-02T18:13:18.890648+10:00,2027-10-02T22:13:18.890648+10:00,250.0,72.07,excellent
2027-10-03,2027-10-03T18:13:49.685773+10:00,2027-10-03T22:03:49.685773+10:00,240.0,71.09,excellent
2027-10-04,2027-10-04T18:14:20.855006+10:00,2027-10-04T22:04:20.855006+10:00,240.0,70.12,excellent
2027-10-06,2027-10-06T18:15:24.365157+10:00,2027-10-06T21:55:24.365157+10:00,230.0,68.16,excellent
2027-10-17,2027-10-17T18:21:45.250849+10:00,2027-10-17T19:31:45.250849+10:00,80.0,57.31,excellent
2027-10-18,2027-10-18T18:22:22.782968+10:00,2027-10-18T20:42:22.782968+10:00,150.0,56.32,excellent
2027-10-19,2027-10-19T18:23:00.829293+10:00,2027-10-19T21:03:00.829293+10:00,170.0,55.33,excellent
2027-10-20,2027-10-20T18:23:39.394163+10:00,2027-10-20T21:03:39.394163+10:00,170.0,54.33,excellent
2027-10-21,2027-10-21T18:24:18.481066+10:00,2027-10-21T20:54:18.481066+10:00,160.0,53.34,excellent
2027-10-22,2027-10-22T18:24:58.092595+10:00,2027-10-22T20:54:58.092595+10:00,160.0,52.34,excellent
2027-10-23,2027-10-23T18:25:38.230412+10:00,2027-10-23T20:45:38.230412+10:00,150.0,51.34,excellent
2027-10-24,2027-10-24T18:26:18.895204+10:00,2027-10-24T20:46:18.895204+10:00,150.0,50.34,excellent
2027-10-25,2027-10-25T18:27:00.086640+10:00,2027-10-25T20:37:00.086640+10:00,140.0,49.34,excellent
2027-10-26,2027-10-26T18:27:41.803337+10:00,2027-10-26T20:37:41.803337+10:00,140.0,48.34,excellent
2027-10-27,2027-10-27T18:28:24.042816+10:00,2027-10-27T20:28:24.042816+10:00,130.0,47.34,excellent
2027-10-28,2027-10-28T18:29:06.801464+10:00,2027-10-28T20:29:06.801464+10:00,130.0,46.34,excellent
2027-10-29,2027-10-29T18:29:50.074500+10:00,2027-10-29T20:29:50.074500+10:00,130.0,45.34,excellent
2027-10-30,2027-10-30T18:30:33.855935+10:00,2027-10-30T20:20:33.855935+10:00,120.0,44.33,excellent
2027-10-31,2027-10-31T18:31:18.138541+10:00,2027-10-31T20:21:18.138541+10:00,120.0,43.33,excellent
2027-11-01,2027-11-01T18:32:02.913818+10:00,2027-11-01T20:12:02.913818+10:00,110.0,42.33,excellent
2027-11-02,2027-11-02T18:32:48.171959+10:00,2027-11-02T20:12:48.171959+10:00,110.0,41.32,excellent
2027-11-03,2027-11-03T18:33:33.901830+10:00,2027-11-03T20:03:33.901830+10:00,100.0,40.32,excellent
2027-11-04,2027-11-04T18:34:20.090934+10:00,2027-11-04T20:04:20.090934+10:00,100.0,39.31,excellent
2027-11-05,2027-11-05T18:35:06.725397+10:00,2027-11-05T19:55:06.725397+10:00,90.0,38.31,excellent
2027-11-16,2027-11-16T18:44:03.700547+10:00,2027-11-16T19:14:03.700547+10:00,40.0,27.29,excellent
2027-11-17,2027-11-17T18:44:54.075748+10:00,2027-11-17T19:14:54.075748+10:00,40.0,26.3,excellent
2027-11-18,2027-11-18T18:45:44.585439+10:00,2027-11-18T19:05:44.585439+10:00,30.0,25.3,excellent
2027-11-19,2027-11-19T18:46:35.195848+10:00,2027-11-19T19:06:35.195848+10:00,30.0,24.31,useful
2027-11-20,2027-11-20T18:47:25.871912+10:00,2027-11-20T18:57:25.871912+10:00,20.0,23.33,useful
2027-11-21,2027-11-21T18:48:16.577314+10:00,2027-11-21T18:58:16.577314+10:00,20.0,22.34,useful
2027-11-22,2027-11-22T18:49:07.274533+10:00,2027-11-22T18:49:07.274533+10:00,10.0,21.36,useful
2027-11-23,2027-11-23T18:49:57.924892+10:00,2027-11-23T18:49:57.924892+10:00,10.0,20.38,useful
