date,moonrise_local,moonset_local
2027-01-01,,2027-01-01T13:06:00+10:00
2027-01-02,2027-01-02T00:21:00+10:00,2027-01-02T14:04:00+10:00
2027-01-03,2027-01-03T00:57:00+10:00,2027-01-03T15:01:00+10:00
2027-01-04,2027-01-04T01:36:00+10:00,2027-01-04T15:58:00+10:00
2027-01-05,2027-01-05T02:20:00+10:00,2027-01-05T16:53:00+10:00
2027-01-06,2027-01-06T03:09:00+10:00,2027-01-06T17:44:00+10:00
2027-01-07,2027-01-07T04:02:00+10:00,2027-01-07T18:31:00+10:00
2027-01-08,2027-01-08T04:57:00+10:00,2027-01-08T19:13:00+10:00
2027-01-09,2027-01-09T05:52:00+10:00,2027-01-09T19:50:00+10:00
2027-01-10,2027-01-10T06:48:00+10:00,2027-01-10T20:24:00+10:00
2027-01-11,2027-01-11T07:42:00+10:00,2027-01-11T20:55:00+10:00
2027-01-12,2027-01-12T08:36:00+10:00,2027-01-12T21:24:00+10:00
2027-01-13,,2027-01-13T21:52:00+10:00
2027-01-14,2027-01-14T10:24:00+10:00,2027-01-14T22:21:00+10:00
2027-01-15,2027-01-15T11:21:00+10:00,2027-01-15T22:53:00+10:00
2027-01-16,2027-01-16T12:20:00+10:00,2027-01-16T23:29:00+10:00
2027-01-17,2027-01-17T13:24:00+10:00,
2027-01-18,2027-01-18T14:31:00+10:00,2027-01-18T00:10:00+10:00
2027-01-19,2027-01-19T15:40:00+10:00,2027-01-19T01:00:00+10:00
2027-01-20,2027-01-20T16:47:00+10:00,2027-01-20T02:00:00+10:00
2027-01-21,2027-01-21T17:49:00+10:00,2027-01-21T03:07:00+10:00
2027-01-22,2027-01-22T18:42:00+10:00,2027-01-22T04:21:00+10:00
2027-01-23,2027-01-23T19:27:00+10:00,2027-01-23T05:34:00+10:00
2027-01-24,2027-01-24T20:07:00+10:00,2027-01-24T06:45:00+10:00
2027-01-25,2027-01-25T20:42:00+10:00,2027-01-25T07:52:00+10:00
2027-01-26,2027-01-26T21:15:00+10:00,2027-01-26T08:56:00+10:00
2027-01-27,2027-01-27T21:47:00+10:00,
2027-01-28,2027-01-28T22:21:00+10:00,2027-01-28T10:56:00+10:00
2027-01-29,2027-01-29T22:56:00+10:00,2027-01-29T11:55:00+10:00
2027-01-30,2027-01-30T23:35:00+10:00,2027-01-30T12:54:00+10:00
2027-01-31,,2027-01-31T13:51:00+10:00
2027-02-01,2027-02-01T00:17:00+10:00,2027-02-01T14:47:00+10:00
2027-02-02,2027-02-02T01:05:00+10:00,2027-02-02T15:40:00+10:00
2027-02-03,2027-02-03T01:56:00+10:00,2027-02-03T16:28:00+10:00
2027-02-04,2027-02-04T02:50:00+10:00,2027-02-04T17:12:00+10:00
2027-02-05,2027-02-05T03:46:00+10:00,2027-02-05T17:51:00+10:00
2027-02-06,2027-02-06T04:42:00+10:00,2027-02-06T18:26:00+10:00
2027-02-07,2027-02-07T05:37:00+10:00,2027-02-07T18:57:00+10:00
2027-02-08,2027-02-08T06:32:00+10:00,2027-02-08T19:27:00+10:00
2027-02-09,2027-02-09T07:26:00+10:00,2027-02-09T19:56:00+10:00
2027-02-10,2027-02-10T08:20:00+10:00,2027-02-10T20:25:00+10:00
2027-02-11,,2027-02-11T20:55:00+10:00
2027-02-12,2027-02-12T10:13:00+10:00,2027-02-12T21:29:00+10:00
2027-02-13,2027-02-13T11:14:00+10:00,2027-02-13T22:07:00+10:00
2027-02-14,2027-02-14T12:18:00+10:00,2027-02-14T22:53:00+10:00
2027-02-15,2027-02-15T13:25:00+10:00,2027-02-15T23:46:00+10:00
2027-02-16,2027-02-16T14:30:00+10:00,
2027-02-17,2027-02-17T15:32:00+10:00,2027-02-17T00:48:00+10:00
2027-02-18,2027-02-18T16:28:00+10:00,2027-02-18T01:56:00+10:00
2027-02-19,2027-02-19T17:16:00+10:00,2027-02-19T03:08:00+10:00
2027-02-20,2027-02-20T17:58:00+10:00,2027-02-20T04:19:00+10:00
2027-02-21,2027-02-21T18:35:00+10:00,2027-02-21T05:28:00+10:00
2027-02-22,2027-02-22T19:10:00+10:00,2027-02-22T06:34:00+10:00
2027-02-23,2027-02-23T19:43:00+10:00,2027-02-23T07:38:00+10:00
2027-02-24,2027-02-24T20:17:00+10:00,2027-02-24T08:39:00+10:00
2027-02-25,2027-02-25T20:52:00+10:00,
2027-02-26,2027-02-26T21:30:00+10:00,2027-02-26T10:41:00+10:00
2027-02-27,2027-02-27T22:12:00+10:00,2027-02-27T11:41:00+10:00
2027-02-28,2027-02-28T22:59:00+10:00,2027-02-28T12:38:00+10:00
2027-03-01,2027-03-01T23:49:00+10:00,2027-03-01T13:33:00+10:00
2027-03-02,,2027-03-02T14:23:00+10:00
2027-03-03,2027-03-03T00:43:00+10:00,2027-03-03T15:09:00+10:00
2027-03-04,2027-03-04T01:38:00+10:00,2027-03-04T15:49:00+10:00
2027-03-05,2027-03-05T02:34:00+10:00,2027-03-05T16:26:00+10:00
2027-03-06,2027-03-06T03:29:00+10:00,2027-03-06T16:58:00+10:00
2027-03-07,2027-03-07T04:24:00+10:00,2027-03-07T17:29:00+10:00
2027-03-08,2027-03-08T05:19:00+10:00,2027-03-08T17:58:00+10:00
2027-03-09,2027-03-09T06:14:00+10:00,2027-03-09T18:28:00+10:00
2027-03-10,2027-03-10T07:10:00+10:00,2027-03-10T18:58:00+10:00
2027-03-11,2027-03-11T08:08:00+10:00,2027-03-11T19:31:00+10:00
2027-03-12,,2027-03-12T20:08:00+10:00
2027-03-13,2027-03-13T10:11:00+10:00,2027-03-13T20:51:00+10:00
2027-03-14,2027-03-14T11:17:00+10:00,2027-03-14T21:41:00+10:00
2027-03-15,2027-03-15T12:22:00+10:00,2027-03-15T22:39:00+10:00
2027-03-16,2027-03-16T13:23:00+10:00,2027-03-16T23:44:00+10:00
2027-03-17,2027-03-17T14:19:00+10:00,
2027-03-18,2027-03-18T15:08:00+10:00,2027-03-18T00:52:00+10:00
2027-03-19,2027-03-19T15:51:00+10:00,2027-03-19T02:01:00+10:00
2027-03-20,2027-03-20T16:29:00+10:00,2027-03-20T03:09:00+10:00
2027-03-21,2027-03-21T17:05:00+10:00,2027-03-21T04:14:00+10:00
2027-03-22,2027-03-22T17:38:00+10:00,2027-03-22T05:18:00+10:00
2027-03-23,2027-03-23T18:12:00+10:00,2027-03-23T06:20:00+10:00
2027-03-24,2027-03-24T18:47:00+10:00,2027-03-24T07:22:00+10:00
2027-03-25,2027-03-25T19:24:00+10:00,2027-03-25T08:24:00+10:00
2027-03-26,2027-03-26T20:06:00+10:00,
2027-03-27,2027-03-27T20:51:00+10:00,2027-03-27T10:25:00+10:00
2027-03-28,2027-03-28T21:41:00+10:00,2027-03-28T11:22:00+10:00
2027-03-29,2027-03-29T22:33:00+10:00,2027-03-29T12:15:00+10:00
2027-03-30,2027-03-30T23:28:00+10:00,2027-03-30T13:03:00+10:00
2027-03-31,,2027-03-31T13:46:00+10:00
2027-04-01,2027-04-01T00:24:00+10:00,2027-04-01T14:23:00+10:00
2027-04-02,2027-04-02T01:19:00+10:00,2027-04-02T14:57:00+10:00
2027-04-03,2027-04-03T02:14:00+10:00,2027-04-03T15:29:00+10:00
2027-04-04,2027-04-04T03:09:00+10:00,2027-04-04T15:58:00+10:00
2027-04-05,2027-04-05T04:04:00+10:00,2027-04-05T16:28:00+10:00
2027-04-06,2027-04-06T05:00:00+10:00,2027-04-06T16:58:00+10:00
2027-04-07,2027-04-07T05:58:00+10:00,2027-04-07T17:31:00+10:00
2027-04-08,2027-04-08T06:58:00+10:00,2027-04-08T18:07:00+10:00
2027-04-09,2027-04-09T08:02:00+10:00,2027-04-09T18:49:00+10:00
2027-04-10,,2027-04-10T19:38:00+10:00
2027-04-11,2027-04-11T10:14:00+10:00,2027-04-11T20:34:00+10:00
2027-04-12,2027-04-12T11:17:00+10:00,2027-04-12T21:37:00+10:00
2027-04-13,2027-04-13T12:15:00+10:00,2027-04-13T22:44:00+10:00
2027-04-14,2027-04-14T13:06:00+10:00,2027-04-14T23:52:00+10:00
2027-04-15,2027-04-15T13:50:00+10:00,
2027-04-16,2027-04-16T14:28:00+10:00,2027-04-16T00:58:00+10:00
2027-04-17,2027-04-17T15:03:00+10:00,2027-04-17T02:03:00+10:00
2027-04-18,2027-04-18T15:36:00+10:00,2027-04-18T03:05:00+10:00
2027-04-19,2027-04-19T16:09:00+10:00,2027-04-19T04:06:00+10:00
2027-04-20,2027-04-20T16:43:00+10:00,2027-04-20T05:07:00+10:00
2027-04-21,2027-04-21T17:19:00+10:00,2027-04-21T06:08:00+10:00
2027-04-22,2027-04-22T17:59:00+10:00,2027-04-22T07:09:00+10:00
2027-04-23,2027-04-23T18:43:00+10:00,2027-04-23T08:10:00+10:00
2027-04-24,2027-04-24T19:31:00+10:00,
2027-04-25,2027-04-25T20:24:00+10:00,2027-04-25T10:05:00+10:00
2027-04-26,2027-04-26T21:18:00+10:00,2027-04-26T10:55:00+10:00
2027-04-27,2027-04-27T22:14:00+10:00,2027-04-27T11:40:00+10:00
2027-04-28,2027-04-28T23:09:00+10:00,2027-04-28T12:20:00+10:00
2027-04-29,,2027-04-29T12:55:00+10:00
2027-04-30,2027-04-30T00:04:00+10:00,2027-04-30T13:27:00+10:00
2027-05-01,2027-05-01T00:58:00+10:00,2027-05-01T13:57:00+10:00
2027-05-02,2027-05-02T01:52:00+10:00,2027-05-02T14:26:00+10:00
2027-05-03,2027-05-03T02:47:00+10:00,2027-05-03T14:56:00+10:00
2027-05-04,2027-05-04T03:43:00+10:00,2027-05-04T15:28:00+10:00
2027-05-05,2027-05-05T04:43:00+10:00,2027-05-05T16:03:00+10:00
2027-05-06,2027-05-06T05:46:00+10:00,2027-05-06T16:43:00+10:00
2027-05-07,2027-05-07T06:53:00+10:00,2027-05-07T17:30:00+10:00
2027-05-08,2027-05-08T08:01:00+10:00,2027-05-08T18:25:00+10:00
2027-05-09,,2027-05-09T19:28:00+10:00
2027-05-10,2027-05-10T10:09:00+10:00,2027-05-10T20:35:00+10:00
2027-05-11,2027-05-11T11:02:00+10:00,2027-05-11T21:44:00+10:00
2027-05-12,2027-05-12T11:49:00+10:00,2027-05-12T22:52:00+10:00
2027-05-13,2027-05-13T12:29:00+10:00,2027-05-13T23:56:00+10:00
2027-05-14,2027-05-14T13:05:00+10:00,
2027-05-15,2027-05-15T13:38:00+10:00,2027-05-15T00:59:00+10:00
2027-05-16,2027-05-16T14:10:00+10:00,2027-05-16T01:59:00+10:00
2027-05-17,2027-05-17T14:43:00+10:00,2027-05-17T02:58:00+10:00
2027-05-18,2027-05-18T15:17:00+10:00,2027-05-18T03:58:00+10:00
2027-05-19,2027-05-19T15:55:00+10:00,2027-05-19T04:58:00+10:00
2027-05-20,2027-05-20T16:37:00+10:00,2027-05-20T05:59:00+10:00
2027-05-21,2027-05-21T17:24:00+10:00,2027-05-21T06:58:00+10:00
2027-05-22,2027-05-22T18:15:00+10:00,2027-05-22T07:55:00+10:00
2027-05-23,2027-05-23T19:09:00+10:00,2027-05-23T08:47:00+10:00
2027-05-24,2027-05-24T20:04:00+10:00,
2027-05-25,2027-05-25T21:00:00+10:00,2027-05-25T10:16:00+10:00
2027-05-26,2027-05-26T21:55:00+10:00,2027-05-26T10:53:00+10:00
2027-05-27,2027-05-27T22:49:00+10:00,2027-05-27T11:26:00+10:00
2027-05-28,2027-05-28T23:42:00+10:00,2027-05-28T11:56:00+10:00
2027-05-29,,2027-05-29T12:25:00+10:00
2027-05-30,2027-05-30T00:35:00+10:00,2027-05-30T12:54:00+10:00
2027-05-31,2027-05-31T01:30:00+10:00,2027-05-31T13:24:00+10:00
2027-06-01,2027-06-01T02:27:00+10:00,2027-06-01T13:57:00+10:00
2027-06-02,2027-06-02T03:28:00+10:00,2027-06-02T14:34:00+10:00
2027-06-03,2027-06-03T04:32:00+10:00,2027-06-03T15:18:00+10:00
2027-06-04,2027-06-04T05:40:00+10:00,2027-06-04T16:10:00+10:00
2027-06-05,2027-06-05T06:49:00+10:00,2027-06-05T17:11:00+10:00
2027-06-06,2027-06-06T07:55:00+10:00,2027-06-06T18:19:00+10:00
2027-06-07,2027-06-07T08:53:00+10:00,2027-06-07T19:30:00+10:00
2027-06-08,,2027-06-08T20:40:00+10:00
2027-06-09,2027-06-09T10:27:00+10:00,2027-06-09T21:48:00+10:00
2027-06-10,2027-06-10T11:05:00+10:00,2027-06-10T22:52:00+10:00
2027-06-11,2027-06-11T11:40:00+10:00,2027-06-11T23:54:00+10:00
2027-06-12,2027-06-12T12:12:00+10:00,
2027-06-13,2027-06-13T12:45:00+10:00,2027-06-13T00:53:00+10:00
2027-06-14,2027-06-14T13:18:00+10:00,2027-06-14T01:53:00+10:00
2027-06-15,2027-06-15T13:55:00+10:00,2027-06-15T02:52:00+10:00
2027-06-16,2027-06-16T14:35:00+10:00,2027-06-16T03:51:00+10:00
2027-06-17,2027-06-17T15:19:00+10:00,2027-06-17T04:51:00+10:00
2027-06-18,2027-06-18T16:09:00+10:00,2027-06-18T05:48:00+10:00
2027-06-19,2027-06-19T17:02:00+10:00,2027-06-19T06:41:00+10:00
2027-06-20,2027-06-20T17:57:00+10:00,2027-06-20T07:30:00+10:00
2027-06-21,2027-06-21T18:53:00+10:00,2027-06-21T08:14:00+10:00
2027-06-22,2027-06-22T19:48:00+10:00,2027-06-22T08:52:00+10:00
2027-06-23,2027-06-23T20:42:00+10:00,2027-06-23T09:26:00+10:00
2027-06-24,2027-06-24T21:34:00+10:00,
2027-06-25,2027-06-25T22:27:00+10:00,2027-06-25T10:26:00+10:00
2027-06-26,2027-06-26T23:20:00+10:00,2027-06-26T10:54:00+10:00
2027-06-27,,2027-06-27T11:23:00+10:00
2027-06-28,2027-06-28T00:15:00+10:00,2027-06-28T11:54:00+10:00
2027-06-29,2027-06-29T01:12:00+10:00,2027-06-29T12:28:00+10:00
2027-06-30,2027-06-30T02:13:00+10:00,2027-06-30T13:08:00+10:00
2027-07-01,2027-07-01T03:19:00+10:00,2027-07-01T13:55:00+10:00
2027-07-02,2027-07-02T04:27:00+10:00,2027-07-02T14:51:00+10:00
2027-07-03,2027-07-03T05:34:00+10:00,2027-07-03T15:55:00+10:00
2027-07-04,2027-07-04T06:37:00+10:00,2027-07-04T17:06:00+10:00
2027-07-05,2027-07-05T07:33:00+10:00,2027-07-05T18:20:00+10:00
2027-07-06,2027-07-06T08:20:00+10:00,2027-07-06T19:31:00+10:00
2027-07-07,2027-07-07T09:02:00+10:00,2027-07-07T20:39:00+10:00
2027-07-08,,2027-07-08T21:44:00+10:00
2027-07-09,2027-07-09T10:13:00+10:00,2027-07-09T22:46:00+10:00
2027-07-10,2027-07-10T10:46:00+10:00,2027-07-10T23:46:00+10:00
2027-07-11,2027-07-11T11:20:00+10:00,
2027-07-12,2027-07-12T11:55:00+10:00,2027-07-12T00:46:00+10:00
2027-07-13,2027-07-13T12:34:00+10:00,2027-07-13T01:46:00+10:00
2027-07-14,2027-07-14T13:17:00+10:00,2027-07-14T02:45:00+10:00
2027-07-15,2027-07-15T14:05:00+10:00,2027-07-15T03:43:00+10:00
2027-07-16,2027-07-16T14:57:00+10:00,2027-07-16T04:37:00+10:00
2027-07-17,2027-07-17T15:51:00+10:00,2027-07-17T05:27:00+10:00
2027-07-18,2027-07-18T16:47:00+10:00,2027-07-18T06:12:00+10:00
2027-07-19,2027-07-19T17:42:00+10:00,2027-07-19T06:52:00+10:00
2027-07-20,2027-07-20T18:36:00+10:00,2027-07-20T07:27:00+10:00
2027-07-21,2027-07-21T19:29:00+10:00,2027-07-21T07:59:00+10:00
2027-07-22,2027-07-22T20:22:00+10:00,2027-07-22T08:29:00+10:00
2027-07-23,2027-07-23T21:14:00+10:00,2027-07-23T08:57:00+10:00
2027-07-24,2027-07-24T22:07:00+10:00,2027-07-24T09:25:00+10:00
2027-07-25,2027-07-25T23:03:00+10:00,
2027-07-26,,2027-07-26T10:26:00+10:00
2027-07-27,2027-07-27T00:01:00+10:00,2027-07-27T11:03:00+10:00
2027-07-28,2027-07-28T01:02:00+10:00,2027-07-28T11:45:00+10:00
2027-07-29,2027-07-29T02:07:00+10:00,2027-07-29T12:35:00+10:00
2027-07-30,2027-07-30T03:13:00+10:00,2027-07-30T13:34:00+10:00
2027-07-31,2027-07-31T04:17:00+10:00,2027-07-31T14:41:00+10:00
2027-08-01,2027-08-01T05:16:00+10:00,2027-08-01T15:53:00+10:00
2027-08-02,2027-08-02T06:08:00+10:00,2027-08-02T17:06:00+10:00
2027-08-03,2027-08-03T06:53:00+10:00,2027-08-03T18:17:00+10:00
2027-08-04,2027-08-04T07:33:00+10:00,2027-08-04T19:25:00+10:00
2027-08-05,2027-08-05T08:09:00+10:00,2027-08-05T20:31:00+10:00
2027-08-06,2027-08-06T08:44:00+10:00,2027-08-06T21:34:00+10:00
2027-08-07,2027-08-07T09:18:00+10:00,2027-08-07T22:36:00+10:00
2027-08-08,,2027-08-08T23:37:00+10:00
2027-08-09,2027-08-09T10:33:00+10:00,
2027-08-10,2027-08-10T11:15:00+10:00,2027-08-10T00:38:00+10:00
2027-08-11,2027-08-11T12:02:00+10:00,2027-08-11T01:37:00+10:00
2027-08-12,2027-08-12T12:52:00+10:00,2027-08-12T02:33:00+10:00
2027-08-13,2027-08-13T13:46:00+10:00,2027-08-13T03:25:00+10:00
2027-08-14,2027-08-14T14:41:00+10:00,2027-08-14T04:11:00+10:00
2027-08-15,2027-08-15T15:36:00+10:00,2027-08-15T04:52:00+10:00
2027-08-16,2027-08-16T16:31:00+10:00,2027-08-16T05:29:00+10:00
2027-08-17,2027-08-17T17:25:00+10:00,2027-08-17T06:02:00+10:00
2027-08-18,2027-08-18T18:18:00+10:00,2027-08-18T06:32:00+10:00
2027-08-19,2027-08-19T19:10:00+10:00,2027-08-19T07:01:00+10:00
2027-08-20,2027-08-20T20:03:00+10:00,2027-08-20T07:29:00+10:00
2027-08-21,2027-08-21T20:57:00+10:00,2027-08-21T07:58:00+10:00
2027-08-22,2027-08-22T21:54:00+10:00,2027-08-22T08:29:00+10:00
2027-08-23,2027-08-23T22:53:00+10:00,2027-08-23T09:03:00+10:00
2027-08-24,2027-08-24T23:56:00+10:00,
2027-08-25,,2027-08-25T10:27:00+10:00
2027-08-26,2027-08-26T00:59:00+10:00,2027-08-26T11:21:00+10:00
2027-08-27,2027-08-27T02:02:00+10:00,2027-08-27T12:22:00+10:00
2027-08-28,2027-08-28T03:02:00+10:00,2027-08-28T13:30:00+10:00
2027-08-29,2027-08-29T03:55:00+10:00,2027-08-29T14:41:00+10:00
2027-08-30,2027-08-30T04:43:00+10:00,2027-08-30T15:52:00+10:00
2027-08-31,2027-08-31T05:24:00+10:00,2027-08-31T17:02:00+10:00
2027-09-01,2027-09-01T06:03:00+10:00,2027-09-01T18:09:00+10:00
2027-09-02,2027-09-02T06:38:00+10:00,2027-09-02T19:14:00+10:00
2027-09-03,2027-09-03T07:14:00+10:00,2027-09-03T20:19:00+10:00
2027-09-04,2027-09-04T07:50:00+10:00,2027-09-04T21:23:00+10:00
2027-09-05,2027-09-05T08:29:00+10:00,2027-09-05T22:25:00+10:00
2027-09-06,2027-09-06T09:10:00+10:00,2027-09-06T23:27:00+10:00
2027-09-07,,
2027-09-08,2027-09-08T10:46:00+10:00,2027-09-08T00:25:00+10:00
2027-09-09,2027-09-09T11:39:00+10:00,2027-09-09T01:19:00+10:00
2027-09-10,2027-09-10T12:34:00+10:00,2027-09-10T02:08:00+10:00
2027-09-11,2027-09-11T13:30:00+10:00,2027-09-11T02:51:00+10:00
2027-09-12,2027-09-12T14:25:00+10:00,2027-09-12T03:29:00+10:00
2027-09-13,2027-09-13T15:19:00+10:00,2027-09-13T04:03:00+10:00
2027-09-14,2027-09-14T16:12:00+10:00,2027-09-14T04:34:00+10:00
2027-09-15,2027-09-15T17:05:00+10:00,2027-09-15T05:04:00+10:00
2027-09-16,2027-09-16T17:58:00+10:00,2027-09-16T05:32:00+10:00
2027-09-17,2027-09-17T18:52:00+10:00,2027-09-17T06:01:00+10:00
2027-09-18,2027-09-18T19:49:00+10:00,2027-09-18T06:32:00+10:00
2027-09-19,2027-09-19T20:48:00+10:00,2027-09-19T07:05:00+10:00
2027-09-20,2027-09-20T21:49:00+10:00,2027-09-20T07:42:00+10:00
2027-09-21,2027-09-21T22:52:00+10:00,2027-09-21T08:26:00+10:00
2027-09-22,2027-09-22T23:54:00+10:00,
2027-09-23,,2027-09-23T10:14:00+10:00
2027-09-24,2027-09-24T00:53:00+10:00,2027-09-24T11:17:00+10:00
2027-09-25,2027-09-25T01:47:00+10:00,2027-09-25T12:25:00+10:00
2027-09-26,2027-09-26T02:35:00+10:00,2027-09-26T13:34:00+10:00
2027-09-27,2027-09-27T03:17:00+10:00,2027-09-27T14:41:00+10:00
2027-09-28,2027-09-28T03:56:00+10:00,2027-09-28T15:48:00+10:00
2027-09-29,2027-09-29T04:32:00+10:00,2027-09-29T16:53:00+10:00
2027-09-30,2027-09-30T05:08:00+10:00,2027-09-30T17:58:00+10:00
2027-10-01,2027-10-01T05:44:00+10:00,2027-10-01T19:03:00+10:00
2027-10-02,2027-10-02T06:22:00+10:00,2027-10-02T20:07:00+10:00
2027-10-03,2027-10-03T07:03:00+10:00,2027-10-03T21:11:00+10:00
2027-10-04,2027-10-04T07:48:00+10:00,2027-10-04T22:12:00+10:00
2027-10-05,2027-10-05T08:38:00+10:00,2027-10-05T23:09:00+10:00
2027-10-06,,
2027-10-07,2027-10-07T10:26:00+10:00,2027-10-07T00:01:00+10:00
2027-10-08,2027-10-08T11:21:00+10:00,2027-10-08T00:47:00+10:00
2027-10-09,2027-10-09T12:17:00+10:00,2027-10-09T01:27:00+10:00
2027-10-10,2027-10-10T13:11:00+10:00,2027-10-10T02:02:00+10:00
2027-10-11,2027-10-11T14:04:00+10:00,2027-10-11T02:35:00+10:00
2027-10-12,2027-10-12T14:57:00+10:00,2027-10-12T03:04:00+10:00
2027-10-13,2027-10-13T15:50:00+10:00,2027-10-13T03:33:00+10:00
2027-10-14,2027-10-14T16:44:00+10:00,2027-10-14T04:02:00+10:00
2027-10-15,2027-10-15T17:41:00+10:00,2027-10-15T04:33:00+10:00
2027-10-16,2027-10-16T18:40:00+10:00,2027-10-16T05:05:00+10:00
2027-10-17,2027-10-17T19:41:00+10:00,2027-10-17T05:42:00+10:00
2027-10-18,2027-10-18T20:44:00+10:00,2027-10-18T06:24:00+10:00
2027-10-19,2027-10-19T21:47:00+10:00,2027-10-19T07:13:00+10:00
2027-10-20,2027-10-20T22:48:00+10:00,2027-10-20T08:09:00+10:00
2027-10-21,2027-10-21T23:43:00+10:00,
2027-10-22,,2027-10-22T10:17:00+10:00
2027-10-23,2027-10-23T00:32:00+10:00,2027-10-23T11:24:00+10:00
2027-10-24,2027-10-24T01:15:00+10:00,2027-10-24T12:30:00+10:00
2027-10-25,2027-10-25T01:54:00+10:00,2027-10-25T13:35:00+10:00
2027-10-26,2027-10-26T02:30:00+10:00,2027-10-26T14:38:00+10:00
2027-10-27,2027-10-27T03:04:00+10:00,2027-10-27T15:41:00+10:00
2027-10-28,2027-10-28T03:39:00+10:00,2027-10-28T16:45:00+10:00
2027-10-29,2027-10-29T04:15:00+10:00,2027-10-29T17:48:00+10:00
2027-10-30,2027-10-30T04:55:00+10:00,2027-10-30T18:53:00+10:00
2027-10-31,2027-10-31T05:39:00+10:00,2027-10-31T19:55:00+10:00
2027-11-01,2027-11-01T06:27:00+10:00,2027-11-01T20:55:00+10:00
2027-11-02,2027-11-02T07:19:00+10:00,2027-11-02T21:50:00+10:00
2027-11-03,2027-11-03T08:14:00+10:00,2027-11-03T22:39:00+10:00
2027-11-04,,2027-11-04T23:22:00+10:00
2027-11-05,2027-11-05T10:07:00+10:00,
2027-11-06,2027-11-06T11:01:00+10:00,2027-11-06T00:00:00+10:00
2027-11-07,2027-11-07T11:55:00+10:00,2027-11-07T00:33:00+10:00
2027-11-08,2027-11-08T12:48:00+10:00,2027-11-08T01:04:00+10:00
2027-11-09,2027-11-09T13:40:00+10:00,2027-11-09T01:33:00+10:00
2027-11-10,2027-11-10T14:33:00+10:00,2027-11-10T02:02:00+10:00
2027-11-11,2027-11-11T15:28:00+10:00,2027-11-11T02:31:00+10:00
2027-11-12,2027-11-12T16:26:00+10:00,2027-11-12T03:03:00+10:00
2027-11-13,2027-11-13T17:27:00+10:00,2027-11-13T03:38:00+10:00
2027-11-14,2027-11-14T18:31:00+10:00,2027-11-14T04:19:00+10:00
2027-11-15,2027-11-15T19:36:00+10:00,2027-11-15T05:06:00+10:00
2027-11-16,2027-11-16T20:39:00+10:00,2027-11-16T06:01:00+10:00
2027-11-17,2027-11-17T21:38:00+10:00,2027-11-17T07:03:00+10:00
2027-11-18,2027-11-18T22:29:00+10:00,2027-11-18T08:09:00+10:00
2027-11-19,2027-11-19T23:14:00+10:00,
2027-11-20,2027-11-20T23:54:00+10:00,2027-11-20T10:23:00+10:00
2027-11-21,,2027-11-21T11:28:00+10:00
2027-11-22,2027-11-22T00:30:00+10:00,2027-11-22T12:31:00+10:00
2027-11-23,2027-11-23T01:04:00+10:00,2027-11-23T13:32:00+10:00
2027-11-24,2027-11-24T01:38:00+10:00,2027-11-24T14:34:00+10:00
2027-11-25,2027-11-25T02:13:00+10:00,2027-11-25T15:36:00+10:00
2027-11-26,2027-11-26T02:51:00+10:00,2027-11-26T16:38:00+10:00
2027-11-27,2027-11-27T03:32:00+10:00,2027-11-27T17:41:00+10:00
2027-11-28,2027-11-28T04:18:00+10:00,2027-11-28T18:42:00+10:00
2027-11-29,2027-11-29T05:08:00+10:00,2027-11-29T19:39:00+10:00
2027-11-30,2027-11-30T06:03:00+10:00,2027-11-30T20:30:00+10:00
2027-12-01,2027-12-01T06:59:00+10:00,2027-12-01T21:16:00+10:00
2027-12-02,2027-12-02T07:56:00+10:00,2027-12-02T21:56:00+10:00
2027-12-03,2027-12-03T08:51:00+10:00,2027-12-03T22:31:00+10:00
2027-12-04,,2027-12-04T23:03:00+10:00
2027-12-05,2027-12-05T10:38:00+10:00,2027-12-05T23:32:00+10:00
2027-12-06,2027-12-06T11:30:00+10:00,
2027-12-07,2027-12-07T12:22:00+10:00,2027-12-07T00:00:00+10:00
2027-12-08,2027-12-08T13:15:00+10:00,2027-12-08T00:29:00+10:00
2027-12-09,2027-12-09T14:11:00+10:00,2027-12-09T00:59:00+10:00
2027-12-10,2027-12-10T15:10:00+10:00,2027-12-10T01:32:00+10:00
2027-12-11,2027-12-11T16:12:00+10:00,2027-12-11T02:10:00+10:00
2027-12-12,2027-12-12T17:17:00+10:00,2027-12-12T02:54:00+10:00
2027-12-13,2027-12-13T18:23:00+10:00,2027-12-13T03:46:00+10:00
2027-12-14,2027-12-14T19:25:00+10:00,2027-12-14T04:46:00+10:00
2027-12-15,2027-12-15T20:21:00+10:00,2027-12-15T05:53:00+10:00
2027-12-16,2027-12-16T21:10:00+10:00,2027-12-16T07:03:00+10:00
2027-12-17,2027-12-17T21:53:00+10:00,2027-12-17T08:12:00+10:00
2027-12-18,2027-12-18T22:31:00+10:00,
2027-12-19,2027-12-19T23:06:00+10:00,2027-12-19T10:24:00+10:00
2027-12-20,2027-12-20T23:40:00+10:00,2027-12-20T11:27:00+10:00
2027-12-21,,2027-12-21T12:28:00+10:00
2027-12-22,2027-12-22T00:14:00+10:00,2027-12-22T13:29:00+10:00
2027-12-23,2027-12-23T00:50:00+10:00,2027-12-23T14:30:00+10:00
2027-12-24,2027-12-24T01:30:00+10:00,2027-12-24T15:32:00+10:00
2027-12-25,2027-12-25T02:13:00+10:00,2027-12-25T16:32:00+10:00
2027-12-26,2027-12-26T03:01:00+10:00,2027-12-26T17:30:00+10:00
2027-12-27,2027-12-27T03:54:00+10:00,2027-12-27T18:23:00+10:00
2027-12-28,2027-12-28T04:49:00+10:00,2027-12-28T19:11:00+10:00
2027-12-29,2027-12-29T05:46:00+10:00,2027-12-29T19:53:00+10:00
2027-12-30,2027-12-30T06:42:00+10:00,2027-12-30T20:30:00+10:00
2027-12-31,2027-12-31T07:37:00+10:00,2027-12-31T21:02:00+10:00
